PROV1;Notra;Notra;Notra;;;;;;;;;x
PROV2;Cuiqenon;Cuiqenon;Cuiqenon;;;;;;;;;x
PROV3;Hinitra;Hinitra;Hinitra;;;;;;;;;x
PROV4;Nutra;Nutra;Nutra;;;;;;;;;x
PROV5;Gistum;Gistum;Gistum;;;;;;;;;x
PROV6;Lorom;Lorom;Lorom;;;;;;;;;x
PROV7;Menen;Menen;Menen;;;;;;;;;x
PROV8;Lunen;Lunen;Lunen;;;;;;;;;x
PROV9;Cotko;Cotko;Cotko;;;;;;;;;x
PROV10;Suroro;Suroro;Suroro;;;;;;;;;x
PROV11;Fokoqa;Fokoqa;Fokoqa;;;;;;;;;x
PROV12;Coken;Coken;Coken;;;;;;;;;x
PROV13;Fetku;Fetku;Fetku;;;;;;;;;x
PROV14;Hirunu;Hirunu;Hirunu;;;;;;;;;x
PROV15;Proodyl;Proodyl;Proodyl;;;;;;;;;x
PROV16;Falsia Falls;Falsia Falls;Falsia Falls;;;;;;;;;x
PROV17;Clock Work;Clock Work;Clock Work;;;;;;;;;x
PROV18;Magma Mines;Magma Mines;Magma Mines;;;;;;;;;x
PROV19;Misty Marshes;Misty Marshes;Misty Marshes;;;;;;;;;x
PROV20;Sanguine Shores;Sanguine Shores;Sanguine Shores;;;;;;;;;x
PROV21;Westvale;Westvale;Westvale;;;;;;;;;x
PROV22;Holia;;;;;;;;;;;x
PROV23;Temple of Light;Temple of Light;Temple of Light;;;;;;;;;x
PROV24;New Falsia;New Falsia;New Falsia;;;;;;;;;x
PROV25;Beach Caves;Beach Caves;Beach Caves;;;;;;;;;x
PROV26;Sundial Shores;Sundial Shores;Sundial Shores;;;;;;;;;x
PROV27;Faria;Faria;Faria;;;;;;;;;x
PROV28;Maku Sanctuary;Maku Sanctuary;Maku Sanctuary;;;;;;;;;x
PROV29;Hourglass Sands;Hourglass Sands;Hourglass Sands;;;;;;;;;x
PROV30;Flower Gardens;Flower Gardens;Flower Gardens;;;;;;;;;x
PROV31;Moria;Moria;Moria;;;;;;;;;x
PROV32;Maelgryn;Maelgryn;Maelgryn;;;;;;;;;x
PROV33;Anadora;Anadora;Anadora;;;;;;;;;x
PROV34;Borodour;Borodour;Borodour;;;;;;;;;x
PROV35;Daleport;Daleport;Daleport;;;;;;;;;x
PROV36;Anaurion;Anaurion;Anaurion;;;;;;;;;x
PROV37;Grindle;Grindle;Grindle;;;;;;;;;x
PROV38;Seawall;Seawall;Seawall;;;;;;;;;x
PROV39;Grindle Fields;Grindle Fields;Grindle Fields;;;;;;;;;x
PROV40;Caliborn;Caliborn;Caliborn;;;;;;;;;x
PROV41;Lothodin;Lothodin;Lothodin;;;;;;;;;x
PROV42;Swanpoint;Swanpoint;Swanpoint;;;;;;;;;x
PROV43;Agravoron;Agravoron;Agravoron;;;;;;;;;x
PROV44;Taprian;Taprian;Taprian;;;;;;;;;x
PROV45;Mungar;Mungar;Mungar;;;;;;;;;x
PROV46;Ereway;Ereway;Ereway;;;;;;;;;x
PROV47;Malithoron;Malithoron;Malithoron;;;;;;;;;x
PROV48;Ambadon;Ambadon;Ambadon;;;;;;;;;x
PROV49;Camlain;Camlain;Camlain;;;;;;;;;x
PROV50;Gilbadon;Gilbadon;Gilbadon;;;;;;;;;x
PROV51;Glennith;Glennith;Glennith;;;;;;;;;x
PROV52;Ardemoria;Ardemoria;Ardemoria;;;;;;;;;x
PROV53;Gauness;Gauness;Gauness;;;;;;;;;x
PROV54;Gargrail;Gargrail;Gargrail;;;;;;;;;x
PROV55;Galeas;Galeas;Galeas;;;;;;;;;x
PROV56;Galfridia;Galfridia;Galfridia;;;;;;;;;x
PROV57;Mountain Pass;Mountain Pass;Mountain Pass;;;;;;;;;x
PROV58;Farial;Farial;Farial;;;;;;;;;x
PROV59;Fetsia;Fetsia;Fetsia;;;;;;;;;x
PROV60;Falsia;Falsia;Falsia;;;;;;;;;x
PROV61;Lachry;Lachry;Lachry;;;;;;;;;x
PROV62;Sang;Sang;Sang;;;;;;;;;x
PROV63;Purajoho;Purajoho;Purajoho;;;;;;;;;x
PROV64;Sing;Sing;Sing;;;;;;;;;x
PROV65;Elon;Elon;Elon;;;;;;;;;x
PROV66;Ergrir;Ergrir;Ergrir;;;;;;;;;x
PROV67;Dirn;Dirn;Dirn;;;;;;;;;x
PROV68;Edia;Edia;Edia;;;;;;;;;x
PROV69;Adale;Adale;Adale;;;;;;;;;x
PROV70;Laine;Laine;Laine;;;;;;;;;x
PROV71;Xang;Xang;Xang;;;;;;;;;x
PROV72;Hanman;Hanman;Hanman;;;;;;;;;x
PROV73;Batang;Batang;Batang;;;;;;;;;x
PROV74;Tuong;Tuong;Tuong;;;;;;;;;x
PROV75;Mayi;Mayi;Mayi;;;;;;;;;x
PROV76;Chonmul;Chonmul;Chonmul;;;;;;;;;x
PROV77;Jakali;Jakali;Jakali;;;;;;;;;x
PROV78;Gaomar;Gaomar;Gaomar;;;;;;;;;x
PROV79;Shenma;Shenma;Shenma;;;;;;;;;x
PROV80;Dofo;;;;;;;;;;;x
PROV81;Xinang;Xinang;Xinang;;;;;;;;;x
PROV82;Suliming;Suliming;Suliming;;;;;;;;;x
PROV83;Halu;;;;;;;;;;;x
PROV84;Morusego;Morusego;Morusego;;;;;;;;;x
PROV85;Changyi;Changyi;Changyi;;;;;;;;;x
PROV86;Omoni;Omoni;Omoni;;;;;;;;;x
PROV87;Sumbala;Sumbala;Sumbala;;;;;;;;;x
PROV88;Lumapa;Lumapa;Lumapa;;;;;;;;;x
PROV89;Horyul;Horyul;Horyul;;;;;;;;;x
PROV90;Haebal;Haebal;Haebal;;;;;;;;;x
PROV91;Deokmin;Deokmin;Deokmin;;;;;;;;;x
PROV92;Puyeo;Puyeo;Puyeo;;;;;;;;;x
PROV93;Jinla;Jinla;Jinla;;;;;;;;;x
PROV94;Changmo;Changmo;Changmo;;;;;;;;;x
PROV95;Damujin;Damujin;Damujin;;;;;;;;;x
PROV96;Baiman;Baiman;Baiman;;;;;;;;;x
PROV97;Sinwei;Sinwei;Sinwei;;;;;;;;;x
PROV98;Torugol;Torugol;Torugol;;;;;;;;;x
PROV99;Golia;;;;;;;;;;;x
PROV100;Seoran;Seoran;Seoran;;;;;;;;;x
PROV101;Famusa;Famusa;Famusa;;;;;;;;;x
PROV102;Arang;Arang;Arang;;;;;;;;;x
PROV103;Noro;;;;;;;;;;;x
PROV104;Jinghan;Jinghan;Jinghan;;;;;;;;;x
PROV105;Gleeok Mountain;;;;;;;;;;;x
PROV106;Gosto;;;;;;;;;;;x
PROV107;Amo;;;;;;;;;;;x
PROV108;Hobu;;;;;;;;;;;x
PROV109;Larcu;;;;;;;;;;;x
PROV110;Dangwu;Dangwu;Dangwu;;;;;;;;;x
PROV111;Kumu;;;;;;;;;;;x
PROV112;Viang;Viang;Viang;;;;;;;;;x
PROV113;Muang;Muang;Muang;;;;;;;;;x
PROV114;Khaohom;Khaohom;Khaohom;;;;;;;;;x
PROV115;Duyi;Duyi;Duyi;;;;;;;;;x
PROV116;Pora;;;;;;;;;;;x
PROV117;Warbane Pass;;;;;;;;;;;x
PROV118;Vel;;;;;;;;;;;x
PROV119;Scouring Sand;;;;;;;;;;;x
PROV120;Vourca;;;;;;;;;;;x
PROV121;Valuma;Valuma;;;;;;;;;;x
PROV122;Kran;;;;;;;;;;;x
PROV123;Serna;;;;;;;;;;;x
PROV124;Larai;;;;;;;;;;;x
PROV125;Kita;;;;;;;;;;;x
PROV126;Orujh;;;;;;;;;;;x
PROV127;Valla;;;;;;;;;;;x
PROV128;Vorai;;;;;;;;;;;x
PROV129;Weathered Cliffs;;;;;;;;;;;x
PROV130;Yami;Yami;Yami;;;;;;;;;x
PROV131;Seroa;Seroa;Seroa;;;;;;;;;x
PROV132;Ataya;Ataya;Ataya;;;;;;;;;x
PROV133;Bunam;Bunam;Bunam;;;;;;;;;x
PROV134;Porapa;Porapa;Porapa;;;;;;;;;x
PROV135;Anyaho;Anyaho;Anyaho;;;;;;;;;x
PROV136;Putao;Putao;Putao;;;;;;;;;x
PROV137;Rakai;Rakai;Rakai;;;;;;;;;x
PROV138;Kaxa;Kaxa;Kaxa;;;;;;;;;x
PROV139;Siayasi;Siayasi;Siayasi;;;;;;;;;x
PROV140;Thao;Thao;Thao;;;;;;;;;x
PROV141;Kanakan;Kanakan;Kanakan;;;;;;;;;x
PROV142;Ruchuwa;Ruchuwa;Ruchuwa;;;;;;;;;x
PROV143;Tona;;;;;;;;;;;x
PROV144;Rela;;;;;;;;;;;x
PROV145;Crenel Crags;;;;;;;;;;;x
PROV146;Raana;;;;;;;;;;;;x
PROV147;Decci Forest;;;;;;;;;;;x
PROV148;Rolling Woods;;;;;;;;;;;x
PROV149;Takkuri Grove;;;;;;;;;;;x
PROV150;Kakarima;Kakarima;Kakarima;;;;;;;;;x
PROV151;Sanbu;Sanbu;Sanbu;;;;;;;;;x
PROV152;Kabichi;Kabichi;Kabichi;;;;;;;;;x
PROV153;Kimchi;Kimchi;Kimchi;;;;;;;;;x
PROV154;Banro;Banro;Banro;;;;;;;;;x
PROV155;Daemashi;Daemashi;Daemashi;;;;;;;;;x
PROV156;Hotho;Hotho;Hotho;;;;;;;;;x
PROV157;Kangso;Kangso;Kangso;;;;;;;;;x
PROV158;Huomen;Huomen;Huomen;;;;;;;;;x
PROV159;Makare;Makare;Makare;;;;;;;;;x
PROV160;Yitara;Yitara;Yitara;;;;;;;;;x
PROV161;Hakumul;Hakumul;Hakumul;;;;;;;;;x
PROV162;Makanlataka;Makanlataka;Makanlataka;;;;;;;;;x
PROV163;Durufen;Durufen;Durufen;;;;;;;;;x
PROV164;Sisashan;Sisashan;Sisashan;;;;;;;;;x
PROV165;Quruman;Quruman;Quruman;;;;;;;;;x
PROV166;Shamen;Shamen;Shamen;;;;;;;;;x
PROV167;Dodomai;Dodomai;Dodomai;;;;;;;;;x
PROV168;Reesong;Reesong;Reesong;;;;;;;;;x
PROV169;Ahitaru;Ahitaru;Ahitaru;;;;;;;;;x
PROV170;Kobitan;Kobitan;Kobitan;;;;;;;;;x
PROV171;Aru Ainu;Aru Ainu;Aru Ainu;;;;;;;;;x
PROV172;Shutoy;Shutoy;Shutoy;;;;;;;;;x
PROV173;Sakado;Sakado;Sakado;;;;;;;;;x
PROV174;Nokani;Nokani;Nokani;;;;;;;;;x
PROV175;Tykogi;Tykogi;Tykogi;;;;;;;;;x
PROV176;Port Town;Port Town;Port Town;;;;;;;;;x
PROV177;Hometown Prarie;Hometown Prarie;Hometown Prarie;;;;;;;;;x
PROV178;Deku Island;Deku Island;Deku Island;;;;;;;;;x
PROV179;Meadow Island;Meadow Island;Meadow Island;;;;;;;;;x
PROV180;Sunshine Seashore;Sunshine Seashore;Sunshine Seashore;;;;;;;;;x
PROV181;Cape Treasure;Cape Treasure;Cape Treasure;;;;;;;;;x
PROV182;Tingle Island;Tingle Island;Tingle Island;;;;;;;;;x
PROV183;Step Island;Step Island;Step Island;;;;;;;;;x
PROV184;N Maze Island;N Maze Island;N Maze Island;;;;;;;;;x
PROV185;Maze Palace;Maze Palace;Maze Palace;;;;;;;;;x
PROV186;S Maze Island;S Maze Island;S Maze Island;;;;;;;;;x
PROV187;Kasuto Palace;Kasuto Palace;Kasuto Palace;;;;;;;;;x
PROV188;Kasuto;Kasuto;Kasuto;;;;;;;;;x
PROV189;Hidden Valley;Hidden Valley;Hidden Valley;;;;;;;;;x
PROV190;Three Eye Rock;Three Eye Rock;Three Eye Rock;;;;;;;;;x
PROV191;Hyron Island;Hyron Island;Hyron Island;;;;;;;;;x
PROV192;Nabooru;Nabooru;Nabooru;;;;;;;;;x
PROV193;Darunia;Darunia;Darunia;;;;;;;;;x
PROV194;Bridge Forest;Bridge Forest;Bridge Forest;;;;;;;;;x
PROV195;Palace Island;Palace Island;Palace Island;;;;;;;;;x
PROV196;Saria;Saria;Saria;;;;;;;;;x
PROV197;Navi;Navi;Navi;;;;;;;;;x
PROV198;Moruge;Moruge;Moruge;;;;;;;;;x
PROV199;Graveyard Vale;Graveyard Vale;Graveyard Vale;;;;;;;;;x
PROV200;Mido;Mido;Mido;;;;;;;;;x
PROV201;Parapa;Parapa;Parapa;;;;;;;;;x
PROV202;Midoro;Midoro;Midoro;;;;;;;;;x
PROV203;Rauru;Rauru;Rauru;;;;;;;;;x
PROV204;Tantari;Tantari;Tantari;;;;;;;;;x
PROV205;Ruto;Ruto;Ruto;;;;;;;;;x
PROV206;N Palace;N Palace;N Palace;;;;;;;;;x
PROV207;Impa;Impa;Impa;;;;;;;;;x
PROV208;Death Mountain;Death Mountain;Death Mountain;;;;;;;;;x
PROV209;Spectacle Rock;Spectacle Rock;Spectacle Rock;;;;;;;;;x
PROV210;Oberon Cemetary;Oberon Cemetary;Oberon Cemetary;;;;;;;;;x
PROV211;Rordu;Rordu;Rordu;;;;;;;;;x
PROV212;Miff;Miff;Miff;;;;;;;;;x
PROV213;Spryte;Spryte;Spryte;;;;;;;;;x
PROV214;Oberon;Oberon;Oberon;;;;;;;;;x
PROV215;Moblinia;Moblinia;Moblinia;;;;;;;;;x
PROV216;Kanalet;Kanalet;Kanalet;;;;;;;;;x
PROV217;Yarna;Yarna;Yarna;;;;;;;;;x
PROV218;Tal Tal Heights;Tal Tal Heights;Tal Tal Heights;;;;;;;;;x
PROV219;Ukuku;Ukuku;Ukuku;;;;;;;;;x
PROV220;Toronbo;Toronbo;Toronbo;;;;;;;;;x
PROV221;Mabe;Mabe;Mabe;;;;;;;;;x
PROV222;Goponga;Goponga;Goponga;;;;;;;;;x
PROV223;Tal Tal Mountains;Tal Tal Mountains;Tal Tal Mountains;;;;;;;;;x
PROV224;Sea Island;Sea Island;Sea Island;;;;;;;;;x
PROV225;Andor;Andor;Andor;;;;;;;;;x
PROV226;Ogbam;Ogbam;Ogbam;;;;;;;;;x
PROV227;Seacoast Plain;Seacoast Plain;Seacoast Plain;;;;;;;;;x
PROV228;Skotness;Skotness;Skotness;;;;;;;;;x
PROV229;Vendoss;Vendoss;Vendoss;;;;;;;;;x
PROV230;Hobel;Hobel;Hobel;;;;;;;;;x
PROV231;Subasha;Subasha;Subasha;;;;;;;;;x
PROV232;N Subasha;N Subasha;N Subasha;;;;;;;;;x
PROV233;Ensilon;Ensilon;Ensilon;;;;;;;;;x
PROV234;Ubato;Ubato;Ubato;;;;;;;;;x
PROV235;Torian;Torian;Torian;;;;;;;;;x
PROV236;Canvula;Canvula;Canvula;;;;;;;;;x
PROV237;Findo;Findo;Findo;;;;;;;;;x
PROV238;Larrocthest;Larrocthest;Larrocthest;;;;;;;;;x
PROV239;Glonna;Glonna;Glonna;;;;;;;;;x
PROV240;Armarob;Armarob;Armarob;;;;;;;;;x
PROV241;Triplet Coast;Triplet Coast;Triplet Coast;;;;;;;;;x
PROV242;Tolemac;Tolemac;Tolemac;;;;;;;;;x
PROV243;Nolava;Nolava;Nolava;;;;;;;;;x
PROV244;Legatnit;Legatnit;Legatnit;;;;;;;;;x
PROV245;Talotsa;Talotsa;Talotsa;;;;;;;;;x
PROV246;Noelreac;Noelreac;Noelreac;;;;;;;;;x
PROV247;Arcadia;Arcadia;Arcadia;;;;;;;;;x
PROV248;Pausania;Pausania;Pausania;;;;;;;;;x
PROV249;Lyonia;Lyonia;Lyonia;;;;;;;;;x
PROV250;Xenonia;Xenonia;Xenonia;;;;;;;;;x
PROV251;Lykaia;Lykaia;Lykaia;;;;;;;;;x
PROV252;Vatoi;;;;;;;;;;;x
PROV253;Ardennia;Ardennia;Ardennia;;;;;;;;;x
PROV254;Hippodria;Hippodria;Hippodria;;;;;;;;;x
PROV255;Rolandia;Rolandia;Rolandia;;;;;;;;;x
PROV256;Parnonia;Parnonia;Parnonia;;;;;;;;;x
PROV257;Silvania;Silvania;Silvania;;;;;;;;;x
PROV258;Marcania;Marcania;Marcania;;;;;;;;;x
PROV259;Achenia;Achenia;Achenia;;;;;;;;;x
PROV260;Joyeusia;Joyeusia;Joyeusia;;;;;;;;;x
PROV261;Damet;;;;;;;;;;;x
PROV262;Curtania;Curtania;Curtania;;;;;;;;;x
PROV263;Facadia;Facadia;Facadia;;;;;;;;;x
PROV264;Polia;Polia;Polia;;;;;;;;;x
PROV265;Acacesia;Acacesia;Acacesia;;;;;;;;;x
PROV266;Odyssia;Odyssia;Odyssia;;;;;;;;;x
PROV267;Doricia;Doricia;Doricia;;;;;;;;;x
PROV268;Stoicia;Stoicia;Stoicia;;;;;;;;;x
PROV269;Tyria;Tyria;Tyria;;;;;;;;;x
PROV270;Tegia;Tegia;Tegia;;;;;;;;;x
PROV271;Batteria;Batteria;Batteria;;;;;;;;;x
PROV272;Megaria;Megaria;Megaria;;;;;;;;;x
PROV273;Aroania;Aroania;Aroania;;;;;;;;;x
PROV274;Agamemnia;Agamemnia;Agamemnia;;;;;;;;;x
PROV275;Peloponnia;Peloponnia;Peloponnia;;;;;;;;;x
PROV276;Argolia;Argolia;Argolia;;;;;;;;;x
PROV277;Daigonia;Daigonia;Daigonia;;;;;;;;;x
PROV278;Ladonia;Ladonia;Ladonia;;;;;;;;;x
PROV279;Capetia;Capetia;Capetia;;;;;;;;;x
PROV280;Clovia;Clovia;Clovia;;;;;;;;;x
PROV281;Syagria;Syagria;Syagria;;;;;;;;;x
PROV282;Merovia;Merovia;Merovia;;;;;;;;;x
PROV283;Valoia;Valoia;Valoia;;;;;;;;;x
PROV284;Louia;Louia;Louia;;;;;;;;;x
PROV285;Aegidia;Aegidia;Aegidia;;;;;;;;;x
PROV286;Lynna;Lynna;Lynna;;;;;;;;;x
PROV287;N Crescent Island;N Crescent Island;N Crescent Island;;;;;;;;;x
PROV288;Crescent Island;Crescent Island;Crescent Island;;;;;;;;;x
PROV289;S Crescent Island;S Crescent Island;S Crescent Island;;;;;;;;;x
PROV290;Tokay Island;Tokay Island;Tokay Island;;;;;;;;;x
PROV291;Storm Island;Storm Island;Storm Island;;;;;;;;;x
PROV292;Grotto Island;Grotto Island;Grotto Island;;;;;;;;;x
PROV293;Moonlight Island;Moonlight Island;Moonlight Island;;;;;;;;;x
PROV294;Zora Cove;Zora Cove;Zora Cove;;;;;;;;;x
PROV295;Gale Island;Gale Island;Gale Island;;;;;;;;;x
PROV296;Sand Island;Sand Island;Sand Island;;;;;;;;;x
PROV297;Palm Island;Palm Island;Palm Island;;;;;;;;;x
PROV298;Eyeglass Island;Eyeglass Island;Eyeglass Island;;;;;;;;;x
PROV299;Zora Isles;Zora Isles;Zora Isles;;;;;;;;;x
PROV300;Treasure Islands;Treasure Islands;Treasure Islands;;;;;;;;;x
PROV301;Fairy Island;Fairy Island;Fairy Island;;;;;;;;;x
PROV302;Mystery Woods;Mystery Woods;Mystery Woods;;;;;;;;;x
PROV303;Fairy Woods;Fairy Woods;Fairy Woods;;;;;;;;;x
PROV304;Deku Grove;Deku Grove;Deku Grove;;;;;;;;;x
PROV305;Wing Woods;Wing Woods;Wing Woods;;;;;;;;;x
PROV306;Black Tower;Black Tower;Black Tower;;;;;;;;;x
PROV307;Tower Shore;Tower Shore;Tower Shore;;;;;;;;;x
PROV308;S Shore;S Shore;S Shore;;;;;;;;;x
PROV309;S Lynna;S Lynna;S Lynna;;;;;;;;;x
PROV310;Sea of No Return;Sea of No Return;Sea of No Return;;;;;;;;;x
PROV311;Forest of Time;Forest of Time;Forest of Time;;;;;;;;;x
PROV312;Yoll;Yoll;Yoll;;;;;;;;;x
PROV313;Spirit Coast;Spirit Coast;Spirit Coast;;;;;;;;;x
PROV314;Poevale;Poevale;Poevale;;;;;;;;;x
PROV315;Witchwoods;Witchwoods;Witchwoods;;;;;;;;;x
PROV316;Rolling Ridge;Rolling Ridge;Rolling Ridge;;;;;;;;;x
PROV317;Maku Grove;Maku Grove;Maku Grove;;;;;;;;;x
PROV318;Mermaid's Cave;Mermaid's Cave;Mermaid's Cave;;;;;;;;;x
PROV319;Cart Mines;Cart Mines;Cart Mines;;;;;;;;;x
PROV320;Crown Caverns;Crown Caverns;Crown Caverns;;;;;;;;;x
PROV321;Moblin Keep;Moblin Keep;Moblin Keep;;;;;;;;;x
PROV322;Nuun Highlands;Nuun Highlands;Nuun Highlands;;;;;;;;;x
PROV323;Nuun Mountains;Nuun Mountains;Nuun Mountains;;;;;;;;;x
PROV324;Talus Ridge;Talus Ridge;Talus Ridge;;;;;;;;;x
PROV325;Restoration Peak;Restoration Peak;Restoration Peak;;;;;;;;;x
PROV326;Symmetry;Symmetry;Symmetry;;;;;;;;;x
PROV327;Skull Mountains;Skull Mountains;Skull Mountains;;;;;;;;;x
PROV328;Talus Peaks;Talus Peaks;Talus Peaks;;;;;;;;;x
PROV329;Nuun;Nuun;Nuun;;;;;;;;;x
PROV330;W Lynna;W Lynna;W Lynna;;;;;;;;;x
PROV331;Labrynna Palace;Labrynna Palace;Labrynna Palace;;;;;;;;;x
PROV332;E Samasa;E Samasa;E Samasa;;;;;;;;;x
PROV333;Samasa Gate;Samasa Gate;Samasa Gate;;;;;;;;;x
PROV334;Samasa;Samasa;Samasa;;;;;;;;;x
PROV335;Samasa Pyramids;Samasa Pyramids;Samasa Pyramids;;;;;;;;;x
PROV336;Samasa Shores;Samasa Shores;Samasa Shores;;;;;;;;;x
PROV337;Pokey Plateau;Pokey Plateau;Pokey Plateau;;;;;;;;;x
PROV338;Samasa Oasis;Samasa Oasis;Samasa Oasis;;;;;;;;;x
PROV339;Shipwreck Beach;Shipwreck Beach;Shipwreck Beach;;;;;;;;;x
PROV340;W Samasa;W Samasa;W Samasa;;;;;;;;;x
PROV341;E Horon;E Horon;E Horon;;;;;;;;;x
PROV342;Horon;Horon;Horon;;;;;;;;;x
PROV343;Horon Field;Horon Field;Horon Field;;;;;;;;;x
PROV344;Moldorm Island;Moldorm Island;Moldorm Island;;;;;;;;;x
PROV345;Maku Woods;Maku Woods;Maku Woods;;;;;;;;;x
PROV346;Pupil Islands;Pupil Islands;Pupil Islands;;;;;;;;;x
PROV347;Gasha Woods;Gasha Woods;Gasha Woods;;;;;;;;;x
PROV348;Snake Woods;Snake Woods;Snake Woods;;;;;;;;;x
PROV349;Holly Woods;Holly Woods;Holly Woods;;;;;;;;;x
PROV350;Moblin Tower;Moblin Tower;Moblin Tower;;;;;;;;;x
PROV351;Unicorn Field;Unicorn Field;Unicorn Field;;;;;;;;;x
PROV352;Natzu;Natzu;Natzu;;;;;;;;;x
PROV353;N Horon;N Horon;N Horon;;;;;;;;;x
PROV354;Gnarled Root Island;Gnarled Root Island;Gnarled Root Island;;;;;;;;;x
PROV355;River Island;River Island;River Island;;;;;;;;;x
PROV356;Sunken;Sunken;Sunken;;;;;;;;;x
PROV357;Mount Cucco;Mount Cucco;Mount Cucco;;;;;;;;;x
PROV358;Cucco Vale;Cucco Vale;Cucco Vale;;;;;;;;;x
PROV359;Gates of Subrosia;Gates of Subrosia;Gates of Subrosia;;;;;;;;;x
PROV360;Goron Mountain;Goron Mountain;Goron Mountain;;;;;;;;;x
PROV361;Ore Mines;Ore Mines;Ore Mines;;;;;;;;;x
PROV362;Temple Mountain;Temple Mountain;Temple Mountain;;;;;;;;;x
PROV363;Northern Peak;Northern Peak;Northern Peak;;;;;;;;;x
PROV364;Fungus Woods;Fungus Woods;Fungus Woods;;;;;;;;;x
PROV365;Holodrum Plain;Holodrum Plain;Holodrum Plain;;;;;;;;;x
PROV366;Western Coast;Western Coast;Western Coast;;;;;;;;;x
PROV367;Holodrum Docks;Holodrum Docks;Holodrum Docks;;;;;;;;;x
PROV368;Geozard Bay;Geozard Bay;Geozard Bay;;;;;;;;;x
PROV369;Spool Fields;Spool Fields;Spool Fields;;;;;;;;;x
PROV370;Spool Swamp;Spool Swamp;Spool Swamp;;;;;;;;;x
PROV371;Tarm;Tarm;Tarm;;;;;;;;;x
PROV372;Tarm Field;Tarm Field;Tarm Field;;;;;;;;;x
PROV373;Pirate Island;Pirate Island;Pirate Island;;;;;;;;;x
PROV374;Crackling Wood;;;;;;;;;;;x
PROV375;Vutoi;;;;;;;;;;;x
PROV376;Povarai;;;;;;;;;;;x
PROV377;Taulu;;;;;;;;;;;x
PROV378;Steamy Marsh;Steamy Marsh;Steamy Marsh;;;;;;;;;x
PROV379;Kamonano;Kamonano;Kamonano;;;;;;;;;x
PROV380;Hiveville;Hiveville;Hiveville;;;;;;;;;x
PROV381;Gooey Swamp;Gooey Swamp;Gooey Swamp;;;;;;;;;x
PROV382;Insect Cavern;Insect Cavern;Insect Cavern;;;;;;;;;x
PROV383;Basecamp;Basecamp;Basecamp;;;;;;;;;x
PROV384;Codile Cove;Codile Cove;Codile Cove;;;;;;;;;x
PROV385;Icy Plain;Icy Plain;Icy Plain;;;;;;;;;x
PROV386;Icy Peak;Icy Peak;Icy Peak;;;;;;;;;x
PROV387;Snowfield;Snowfield;Snowfield;;;;;;;;;x
PROV388;Auros;Auros;Auros;;;;;;;;;x
PROV389;Fairy Garden;Fairy Garden;Fairy Garden;;;;;;;;;x
PROV390;Yamatami;Yamatami;Yamatami;;;;;;;;;x
PROV391;Desma;Desma;Desma;;;;;;;;;x
PROV392;Swamp Palace;Swamp Palace;Swamp Palace;;;;;;;;;x
PROV393;Hyrule Swamp;Hyrule Swamp;Hyrule Swamp;;;;;;;;;x
PROV394;Swamp Canyon;Swamp Canyon;Swamp Canyon;;;;;;;;;x
PROV395;Great Swamp;Great Swamp;Great Swamp;;;;;;;;;x
PROV396;Sandy Marshes;Sandy Marshes;Sandy Marshes;;;;;;;;;x
PROV397;Misery Mire;Misery Mire;Misery Mire;;;;;;;;;x
PROV398;Toppo Bogs;Toppo Bogs;Toppo Bogs;;;;;;;;;x
PROV399;Gohma Mire;Gohma Mire;Gohma Mire;;;;;;;;;x
PROV400;Like-Lika;;;;;;;;;;;x
PROV401;Sinking Swamp;Sinking Swamp;Sinking Swamp;;;;;;;;;x
PROV402;Turongo Wetlands;Turongo Wetlands;Turongo Wetlands;;;;;;;;;x
PROV403;Restoration Grove;;;;;;;;;;;x
PROV404;Saltmarsh;Saltmarsh;Saltmarsh;;;;;;;;;x
PROV405;Morango;Morango;Morango;;;;;;;;;x
PROV406;Reed Hills;Reed Hills;Reed Hills;;;;;;;;;x
PROV407;Hylia Bog;Hylia Bog;Hylia Bog;;;;;;;;;x
PROV408;Portville;Portville;Portville;;;;;;;;;x
PROV409;River Temple;River Temple;River Temple;;;;;;;;;x
PROV410;Volo;;;;;;;;;;;x
PROV411;Cave of No Return;Cave of No Return;Cave of No Return;;;;;;;;;x
PROV412;Guild Road;Guild Road;Guild Road;;;;;;;;;x
PROV413;Ice Cave;Ice Cave;Ice Cave;;;;;;;;;x
PROV414;Gale Isle;Gale Isle;Gale Isle;;;;;;;;;x
PROV415;Hylia Bay;Hylia Bay;Hylia Bay;;;;;;;;;x
PROV416;Isle of Happiness;Isle of Happiness;Isle of Happiness;;;;;;;;;x
PROV417;Zora Mouth;Zora Mouth;Zora Mouth;;;;;;;;;x
PROV418;Pinnacle Pier;Pinnacle Pier;Pinnacle Pier;;;;;;;;;x
PROV419;Cave Roads;Cave Roads;Cave Roads;;;;;;;;;x
PROV420;Desert of Mystery;Desert of Mystery;Desert of Mystery;;;;;;;;;x
PROV421;Desert Palace;Desert Palace;Desert Palace;;;;;;;;;x
PROV422;Oasis Pass;Oasis Pass;Oasis Pass;;;;;;;;;x
PROV423;Mudora;Mudora;Mudora;;;;;;;;;x
PROV424;Soldier Fields;Soldier Fields;Soldier Fields;;;;;;;;;x
PROV425;Haunted Grove;Haunted Grove;Haunted Grove;;;;;;;;;x
PROV426;Cucco Ranch;Cucco Ranch;Cucco Ranch;;;;;;;;;x
PROV427;Little Kakariko;Little Kakariko;Little Kakariko;;;;;;;;;x
PROV428;Blacksmith Fields;Blacksmith Fields;Blacksmith Fields;;;;;;;;;x
PROV429;Northern Fields;Northern Fields;Northern Fields;;;;;;;;;x
PROV430;Miner Pass;Miner Pass;Miner Pass;;;;;;;;;x
PROV431;Sanctuary;Sanctuary;Sanctuary;;;;;;;;;x
PROV432;Eastern Plains;Eastern Plains;Eastern Plains;;;;;;;;;x
PROV433;Eastern Hills;Eastern Hills;Eastern Hills;;;;;;;;;x
PROV434;Eastern Palace;Eastern Palace;Eastern Palace;;;;;;;;;x
PROV435;Zora Valley;Zora Valley;Zora Valley;;;;;;;;;x
PROV436;Waterfall Domain;Waterfall Domain;Waterfall Domain;;;;;;;;;x
PROV437;Temple of Darkness;Temple of Darkness;Temple of Darkness;;;;;;;;;x
PROV438;Tower of Flames;Tower of Flames;Tower of Flames;;;;;;;;;x
PROV439;Mountain Paths;Mountain Paths;Mountain Paths;;;;;;;;;x
PROV440;Zora Caverns;Zora Caverns;Zora Caverns;;;;;;;;;x
PROV441;Hera Ore Mines;Hera Ore Mines;Hera Ore Mines;;;;;;;;;x
PROV442;Mountain Plateau;Mountain Plateau;Mountain Plateau;;;;;;;;;x
PROV443;Hera;Hera;Hera;;;;;;;;;x
PROV444;Southern Death Mountain;Southern Death Mountain;Southern Death Mountain;;;;;;;;;x
PROV445;Eastern Tower;Eastern Tower;Eastern Tower;;;;;;;;;x
PROV446;Goriya Keep;Goriya Keep;Goriya Keep;;;;;;;;;x
PROV447;Lynel Labyrinth;Lynel Labyrinth;Lynel Labyrinth;;;;;;;;;x
PROV448;Odolwa Forest;;;;;;;;;;;x
PROV449;Hylia Lakeside;Hylia Lakeside;Hylia Lakeside;;;;;;;;;x
PROV450;Bridge Island;Bridge Island;Bridge Island;;;;;;;;;x
PROV451;Sun Island;Sun Island;Sun Island;;;;;;;;;x
PROV452;Water Temple;Water Temple;Water Temple;;;;;;;;;x
PROV453;Lon Lon Hill;Lon Lon Hill;Lon Lon Hill;;;;;;;;;x
PROV454;Gerudo Gate;Gerudo Gate;Gerudo Gate;;;;;;;;;x
PROV455;Hylia Gate;Hylia Gate;Hylia Gate;;;;;;;;;x
PROV456;Oryaro;Oryaro;Oryaro;;;;;;;;;x
PROV457;Ediri;Ediri;Ediri;;;;;;;;;;x
PROV458;Madas Retreat;Madas Retreat;Madas Retreat;;;;;;;;x
PROV459;Madas;Madas;Madas;;;;;;;;;x
PROV460;Nalo;Nalo;Nalo;;;;;;;;;x
PROV461;Muro;Muro;Muro;;;;;;;;;x
PROV462;Kakariko;Kakariko;Kakariko;;;;;;;;;x
PROV463;Shadow Temple;Shadow Temple;Shadow Temple;;;;;;;;;x
PROV464;Mountain Gate;Mountain Gate;Mountain Gate;;;;;;;;;x
PROV465;Dodongo Caverns;Dodongo Caverns;Dodongo Caverns;;;;;;;;;x
PROV466;Goron City;Goron City;Goron City;;;;;;;;;x
PROV467;Death Mountain Trail;Death Mountain Trail;Death Mountain Trail;;;;;;;;;x
PROV468;Death Mountain;Death Mountain;Death Mountain;;;;;;;;;x
PROV469;Chasm Pass;Chasm Pass;Chasm Pass;;;;;;;;;x
PROV470;Fire Temple;Fire Temple;Fire Temple;;;;;;;;;x
PROV471;Ancient Tunnels;Ancient Tunnels;Ancient Tunnels;;;;;;;;;x
PROV472;Zora's Fountain;Zora's Fountain;Zora's Fountain;;;;;;;;;x
PROV473;Ice Caverns;Ice Caverns;Ice Caverns;;;;;;;;;x
PROV474;Zora's Domain;Zora's Domain;Zora's Domain;;;;;;;;;x
PROV475;Sleepless Waterfalls;Sleepless Waterfalls;Sleepless Waterfalls;;;;;;;;;x
PROV476;Frog Marsh;Frog Marsh;Frog Marsh;;;;;;;;;x
PROV477;Zora's River;Zora's River;Zora's River;;;;;;;;;x
PROV478;Cawing Grove;;;;;;;;;;;;x
PROV479; Castle Town; Castle Town; Castle Town;;;;;;;;;x
PROV480; Castle Town; Castle Town; Castle Town;;;;;;;;;x
PROV481;Castle Town;Castle Town;Castle Town;;;;;;;;;x
PROV482;Temple of Time;Temple of Time;Temple of Time;;;;;;;;;x
PROV483;Castle Road;Castle Road;Castle Road;;;;;;;;;x
PROV484;Hyrule Castle;Hyrule Castle;Hyrule Castle;;;;;;;;;x
PROV485;Sacred Grove;Sacred Grove;Sacred Grove;;;;;;;;;x
PROV486;Gerudo Valley;Gerudo Valley;Gerudo Valley;;;;;;;;;x
PROV487;Gerudo Fortress;Gerudo Fortress;Gerudo Fortress;;;;;;;;;x
PROV488;Desert of Winds;Desert of Winds;Desert of Winds;;;;;;;;;x
PROV489;Hidden Fortress;Hidden Fortress;Hidden Fortress;;;;;;;;;x
PROV490;Haunted Wasteland;Haunted Wasteland;Haunted Wasteland;;;;;;;;;x
PROV491;Desert Colossus;Desert Colossus;Desert Colossus;;;;;;;;;x
PROV492;Hoheh;Hohen;Hoheh;;;;;;;;;x
PROV493;Spirit Desert;Spirit Desert;Spirit Desert;;;;;;;;;x
PROV494;Desert Valley;Desert Valley;Desert Valley;;;;;;;;;x
PROV495;Mirror Sands;Mirror Sands;Mirror Sands;;;;;;;;;x
PROV496;Gerudo Dunes;Gerudo Dunes;Gerudo Dunes;;;;;;;;;x
PROV497;Cliff Cities;Cliff Cities;Cliff Cities;;;;;;;;;x
PROV498;Spirit Gates;Spirit Gates;Spirit Gates;;;;;;;;;x
PROV499;Forgotten City;Forgotten City;Forgotten City;;;;;;;;;x
PROV500;Gerudo Mesa;Gerudo Mesa;Gerudo Mesa;;;;;;;;;x
PROV501;Gerudo Sands;Gerudo Sands;Gerudo Sands;;;;;;;;;x
PROV502;Dayfly Desert;Dayfly Desert;Dayfly Desert;;;;;;;;;x
PROV503;Watchtower Waste;Watchtower Waste;Watchtower Waste;;;;;;;;;x
PROV504;Leever Waste;Leever Waste;Leever Waste;;;;;;;;;x
PROV505;Lake Cliffs;Lake Cliffs;Lake Cliffs;;;;;;;;;x
PROV506;Gerudo Desert;Gerudo Desert;Gerudo Desert;;;;;;;;;x
PROV507;Gerudo Mountain;Gerudo Mountain;Gerudo Mountain;;;;;;;;;x
PROV508;Desert Stockades;Desert Stockades;Desert Stockades;;;;;;;;;x
PROV509;Arbiters Grounds;Arbiters Grounds;Arbiters Grounds;;;;;;;;;x
PROV510;Mirror Valley;Mirror Valley;Mirror Valley;;;;;;;;;x
PROV511;Gerudo River;Gerudo River;Gerudo River;;;;;;;;;x
PROV512;Faron Canyon;Faron Canyon;Faron Canyon;;;;;;;;;x
PROV513;Great Faron Tree;Great Faron Tree;Great Faron Tree;;;;;;;;;x
PROV514;Faron Swamp;Faron Swamp;Faron Swamp;;;;;;;;;x
PROV515;Faron Spring;Faron Spring;Faron Spring;;;;;;;;;x
PROV516;Faron Bridge;Faron Bridge;Faron Bridge;;;;;;;;;x
PROV517;Faron Grove;Faron Grove;Faron Grove;;;;;;;;;x
PROV518;Faron Woods;Faron Woods;Faron Woods;;;;;;;;;x
PROV519;Faron Basin;Faron Basin;Faron Basin;;;;;;;;;x
PROV520;Faron Gate;Faron Gate;Faron Gate;;;;;;;;;x
PROV521;Keaton Stockades;Keaton Stockades;Keaton Stockades;;;;;;;;;x
PROV522;Korore;Korore;Korore;;;;;;;;;x
PROV523;Faron Forest;Faron Forest;Faron Forest;;;;;;;;;x
PROV524;Donia;Donia;Donia;;;;;;;;;x
PROV525;Roore;Roore;Roore;;;;;;;;;x
PROV526;Hyrore;Hyrore;Hyrore;;;;;;;;;x
PROV527;Orasal;Orasal;Orasal;;;;;;;;;x
PROV528;Didu;Didu;Didu;;;;;;;;;x
PROV529;Eldin;Eldin;Eldin;;;;;;;;;x
PROV530;Eldin Spring;Eldin Spring;Eldin Spring;;;;;;;;;x
PROV531;Eldin Graveyard;Eldin Graveyard;Eldin Graveyard;;;;;;;;;x
PROV532;Eldin Pass;Eldin Pass;Eldin Pass;;;;;;;;;x
PROV533;Minane;Minane;Minane;;;;;;;;;x
PROV534;Kakariko Gorge;Kakariko Gorge;Kakariko Gorge;;;;;;;;;x
PROV535;Croda;Croda;Croda;;;;;;;;;x
PROV536;Roria;Roria;Roria;;;;;;;;;x
PROV537;Roryu;Roryu;;;;;;;;;x
PROV538;Field Gate;Field Gate;Field Gate;;;;;;;;;x
PROV539;Mubia;Mubia;Mubia;;;;;;;;;x
PROV540;Great Death Mountain;Great Death Mountain;Great Death Mountain;;;;;;;;;x
PROV541;Goron Mines;Goron Mines;Goron Mines;;;;;;;;;x
PROV542;Goron Road;Goron Road;Goron Road;;;;;;;;;x
PROV543;Hot Springs Mountain;Hot Springs Mountain;Hot Springs Mountain;;;;;;;;;x
PROV544;Goron Canyon;Goron Canyon;Goron Canyon;;;;;;;;;x
PROV545;Bombchu Mountain;Bombchu Mountain;Bombchu Mountain;;;;;;;;;x
PROV546;Plateau Gate;Plateau Gate;Plateau Gate;;;;;;;;;x
PROV547;Mount Edora;Mount Edora;Mount Edora;;;;;;;;;x
PROV548;Eldin Foothills;Eldin Foothills;Eldin Foothills;;;;;;;;;x
PROV549;Edora;Edora;Edora;;;;;;;;;x
PROV550;Luhohaa;Luhohaa;Luhohaa;;;;;;;;;x
PROV551;S Castle;S Castle;S Castle;;;;;;;;;x
PROV552;W Castle;W Castle;W Castle;;;;;;;;;x
PROV553;Lanayru Plaza;Lanayru Plaza;Lanayru Plaza;;;;;;;;;x
PROV554;E Castle;E Castle;E Castle;;;;;;;;;x
PROV555;Larto;Larto;Larto;;;;;;;;;x
PROV556;Ham;Ham;Ham;;;;;;;;;x
PROV557;Amphitheater Field;Amphitheater Field;Amphitheater Field;;;;;;;;;x
PROV558;Hevaa;Hevaa;Hevaa;;;;;;;;;x
PROV559;Lanayru Castle;Lanayru Castle;Lanayru Castle;;;;;;;;;x
PROV560;Chasm Road;Chasm Road;Chasm Road;;;;;;;;;x
PROV561;Lanayru Hills;Lanayru Hills;Lanayru Hills;;;;;;;;;x
PROV562;Muryia;Muryia;Muryia;;;;;;;;;x
PROV563;Mash;Mash;Mash;;;;;;;;;x
PROV564;Edusa;Edusa;Edusa;;;;;;;;;x
PROV565;Cruta;Cruta;Cruta;;;;;;;;;x
PROV566;Lanayru Gate;Lanayru Gate;Lanayru Gate;;;;;;;;;x
PROV567;Zora's Spring;Zora's Spring;Zora's Spring;;;;;;;;;x
PROV568;Spring Domain;Spring Domain;Spring Domain;;;;;;;;;x
PROV569;Zora Falls;Zora Falls;Zora Falls;;;;;;;;;x
PROV570;Frozen Caves;Frozen Caves;Frozen Caves;;;;;;;;;x
PROV571;Upper Zora's River;Upper Zora's River;Upper Zora's River;;;;;;;;;x
PROV572;Zora Rapids;Zora Rapids;Zora Rapids;;;;;;;;;x
PROV573;Frozen Lake;Frozen Lake;Frozen Lake;;;;;;;;;x
PROV574;Snowpeak Ascent;Snowpeak Ascent;Snowpeak Ascent;;;;;;;;;x
PROV575;Snowpeak Top;Snowpeak Top;Snowpeak Top;;;;;;;;;x
PROV576;Snowpeak Watchtower;Snowpeak Watchtower;Snowpeak Watchtower;;;;;;;;;x
PROV577;Snowpeak Slopes;Snowpeak Slopes;Snowpeak Slopes;;;;;;;;;x
PROV578;Ice Cliffs;Ice Cliffs;Ice Cliffs;;;;;;;;;x
PROV579;Snowpeak Manor;Snowpeak Manor;Snowpeak Manor;;;;;;;;;x
PROV580;Mountain Village;Mountain Village;Mountain Village;;;;;;;;;x
PROV581;Yeti Peaks;Yeti Peaks;Yeti Peaks;;;;;;;;;x
PROV582;Yeti Mountain;Yeti Mountain;Yeti Mountain;;;;;;;;;x
PROV583;Ordon Spring;Ordon Spring;Ordon Spring;;;;;;;;;x
PROV584;Ordon Woods;Ordon Woods;Ordon Woods;;;;;;;;;x
PROV585;Ordon Eaves;;;;;;;;;x
PROV586;Midia;Midia;Midia;;;;;;;;;x
PROV587;Ordon Groves;Ordon Groves;Ordon Groves;;;;;;;;;x
PROV588;Cidia;Cidia;Cidia;;;;;;;;;x
PROV589;Ordon;Ordon;Ordon;;;;;;;;;x
PROV590;Ordon Ranch;Ordon Ranch;Ordon Ranch;;;;;;;;;x
PROV591;Ordon Plains;Ordon Plains;Ordon Plains;;;;;;;;;x
PROV592;Ordon Wedge;Ordon Wedge;Ordon Wedge;;;;;;;;;x
PROV593;Loggervale;Loggervale;Loggervale;;;;;;;;;x
PROV594;Tilan;Tilan;Tilan;;;;;;;;;x
PROV595;Talo;Talo;Talo;;;;;;;;;x
PROV596;Tolia;Tolia;Tolia;;;;;;;;;x
PROV597;Calin;Calin;Calin;;;;;;;;;x
PROV598;Laketown;Laketown;Laketown;;;;;;;;;x
PROV599;Ordonia Fords;Ordonia Fords;Ordonia Fords;;;;;;;;;x
PROV600;Wooddell;Wooddell;Wooddell;;;;;;;;;x
PROV601;Rivertown;Rivertown;Rivertown;;;;;;;;;x
PROV602;Ordonia Gap;Ordonia Gap;Ordonia Gap;;;;;;;;;x
PROV603;Ordonia;Ordonia;Ordonia;;;;;;;;;x
PROV604;Fono;Fono;Fono;;;;;;;;;x
PROV605;Ilino;Ilino;Ilino;;;;;;;;;x
PROV606;Great Ordonia;Great Ordonia;Great Ordonia;;;;;;;;;x
PROV607;Podin;Podin;Podin;;;;;;;;;x
PROV608;Mano;Mano;Mano;;;;;;;;;x
PROV609;Sea of Sand;Sea of Sand;Sea of Sand;;;;;;;;;x
PROV610;Mount Crenel;Mount Crenel;Mount Crenel;;;;;;;;;x
PROV611;Crenel Base;Crenel Base;Crenel Base;;;;;;;;;x
PROV612;Sobo;Sobo;Sobo;;;;;;;;;x
PROV613;Edabe;Edabe;Edabe;;;;;;;;;x
PROV614;Wind City;Wind City;Wind City;;;;;;;;;x
PROV615;Fortress of Winds;Fortress of Winds;Fortress of Winds;;;;;;;;;x
PROV616;Tower of Winds;Tower of Winds;Tower of Winds;;;;;;;;;x
PROV617;Palace of Winds;Palace of Winds;Palace of Winds;;;;;;;;;x
PROV618;Aru;Aru;Aru;;;;;;;;;x
PROV619;Royal Valley;Royal Valley;Royal Valley;;;;;;;;;x
PROV620;Trilby Highlands;Trilby Highlands;Trilby Highlands;;;;;;;;;x
PROV621;Western Wood;Western Wood;Western Wood;;;;;;;;;x
PROV622;Dinon;Dinon;Dinon;;;;;;;;;x
PROV623;Minish Hyrule Castle;Minish Hyrule Castle;Minish Hyrule Castle;;;;;;;;;x
PROV624;Royal Road;Royal Road;Royal Road;;;;;;;;;x
PROV625;Veil Falls;Veil Falls;Veil Falls;;;;;;;;;x
PROV626;Veil Mountain;Veil Mountain;Veil Mountain;;;;;;;;;x
PROV627;Royal Crypt;Royal Crypt;Royal Crypt;;;;;;;;;x
PROV628;Lakeside Retreat;Lakeside Retreat;Lakeside Retreat;;;;;;;;;x
PROV629;Hylia Treehouses;Hylia Treehouses;Hylia Treehouses;;;;;;;;;x
PROV630;Lon Lon Ranch;Lon Lon Ranch;Lon Lon Ranch;;;;;;;;;x
PROV631;Minish Town;Minish Town;Minish Town;;;;;;;;;x
PROV632;Eastern Hills;Eastern Hills;Eastern Hills;;;;;;;;;x
PROV633;Minish Mines;Minish Mines;Minish Mines;;;;;;;;;x
PROV634;Smith Field;Smith Field;Smith Field;;;;;;;;;x
PROV635;Rorin;Rorin;Rorin;;;;;;;;;x
PROV636;Gale Gate;Gale Gate;Gale Gate;;;;;;;;;x
PROV637;Keatonia;Keatonia;Keatonia;;;;;;;;;x
PROV638;Tsar Gate;Tsar Gate;Tsar Gate;;;;;;;;;x
PROV639;N Minish Plains;N Minish Plains;N Minish Plains;;;;;;;;;x
PROV640;Minish Plains;Minish Plains;Minish Plains;;;;;;;;;x
PROV641;E Minish Plains;E Minish Plains;E Minish Plains;;;;;;;;;x
PROV642;Horai;;;;;;;;;;;x
PROV643;W Minish Plains;W Minish Plains;W Minish Plains;;;;;;;;;x
PROV644;Port Minish;Port Hyrule;Port Hyrule;;;;;;;;;x
PROV645;Jewel Mines;Jewel Mines;Jewel Mines;;;;;;;;;x
PROV646;Koba;Koba;Koba;;;;;;;;;x
PROV647;Acacia Island;Acacia Island;Acacia Island;;;;;;;;;x
PROV648;Red City;;;;;;;;;;;x
PROV649;Rova;;;;;;;;;;;x
PROV650;Vada;;;;;;;;;;;x
PROV651;Meijh;;;;;;;;;;;x
PROV652;Varolu;;;;;;;;;;;x
PROV653;Zatara;;;;;;;;;;;x
PROV654;Forest Temple;Forest Temple;Forest Temple;;;;;;;;;x
PROV655;Sacred Forest Meadow;Sacred Forest Meadow;Sacred Forest Meadow;;;;;;;;;x
PROV656;Forest Stage;Forest Stage;Forest Stage;;;;;;;;;x
PROV657;Forest Gate;Forest Gate;Forest Gate;;;;;;;;;x
PROV658;Kokiri Lost Woods;Kokiri Lost Woods;Kokiri Lost Woods;;;;;;;;;x
PROV659;Kokiri Forest;Kokiri Forest;Kokiri Forest;;;;;;;;;x
PROV660;Great Deku Tree Grove;Great Deku Tree Grove;Great Deku Tree Grove;;;;;;;;;x
PROV661;Kelu;;;;;;;;;;;x
PROV662;W Kokiri Forest;W Kokiri Forest;W Kokiri Forest;;;;;;;;;x
PROV663;S Kokiri Forest;S Kokiri Forest;S Kokiri Forest;;;;;;;;;x
PROV664;E Kokiri Forest;E Kokiri Forest;E Kokiri Forest;;;;;;;;;x
PROV665;Hylia Swamp;Hylia Swamp;Hylia Swamp;;;;;;;;;x
PROV666;Minish Woods;Minish Woods;Minish Woods;;;;;;;;;x
PROV667;Minish Groves;Minish Groves;Minish Groves;;;;;;;;;x
PROV668;E Hylia Woods;E Hylia Woods;E Hylia Woods;;;;;;;;;x
PROV669;W Hylia Woods;W Hylia Woods;W Hylia Woods;;;;;;;;;x
PROV670;Thief Woods;Thief Woods;Thief Woods;;;;;;;;;x
PROV671;Lost Woods;Lost Woods;Lost Woods;;;;;;;;;x
PROV672;Sword Woods;Sword Woods;Sword Woods;;;;;;;;;x
PROV673;Hyrule Gate;Hyrule Gate;Hyrule Gate;;;;;;;;;x
PROV674;Hylia Road;Hylia Road;Hylia Road;;;;;;;;;x
PROV675;Stalkades;Stalkades;Stalkades;;;;;;;;;x
PROV676;Baga Woods;Baga Woods;Baga Woods;;;;;;;;;x
PROV677;Sindella;;;;;;;;;;;x
PROV678;Stalkid Woods;Stalkid Woods;Stalkid Woods;;;;;;;;;x
PROV679;Haunted Woods;Haunted Woods;Haunted Woods;;;;;;;;;x
PROV680;Labyrinth Temple;Labyrinth Temple;Labyrinth Temple;;;;;;;;;x
PROV681;Stalgroves;Stalgroves;Stalgroves;;;;;;;;;x
PROV682;Great Baga Tree Grove;Great Baga Tree Grove;Great Baga Tree Grove;;;;;;;;;x
PROV683;E Skull Woods;E Skull Woods;E Skull Woods;;;;;;;;;x
PROV684;S Skull Woods;S Skull Woods;S Skull Woods;;;;;;;;;x
PROV685;W Skull Woods;W Skull Woods;W Skull Woods;;;;;;;;;x
PROV686;N Skull Woods;N Skull Woods;N Skull Woods;;;;;;;;;x
PROV687;Howling Woods;Howling Woods;Howling Woods;;;;;;;;;x
PROV688;Wolfos Woods;Wolfos Woods;Wolfos Woods;;;;;;;;;x
PROV689;Haunted Narrows;Haunted Narrows;Haunted Narrows;;;;;;;;;x
PROV690;Korok Woods;Korok Woods;Korok Woods;;;;;;;;;;;;x
PROV691;Spirit Woods;Spirit Woods;Spirit Woods;;;;;;;;;x
PROV692;Baba Forest;Baba Forest;Baba Forest;;;;;;;;;x
PROV693;Manhandla Forest;Manhandla Forest;Manhandla Forest;;;;;;;;;x
PROV694;Diababa Woods;Diababa Woods;Diababa Woods;;;;;;;;;x
PROV695;Vutit;;;;;;;;;;;x
PROV696;Dekuvia;Dekuvia;Dekuvia;;;;;;;;;x
PROV697;Deku Palace;Deku Palace;Deku Palace;;;;;;;;;x
PROV698;Swamp Temple;Swamp Temple;Swamp Temple;;;;;;;;;x
PROV699;Deku Marshes;Deku Marshes;Deku Marshes;;;;;;;;;x
PROV700;Scrub Woods;Scrub Woods;Scrub Woods;;;;;;;;;x
PROV701;Trader Woods;Trader Woods;Trader Woods;;;;;;;;;x
PROV702;Woodfalls;Woodfalls;Woodfalls;;;;;;;;;x
PROV703;SW Deku Forest;SW Deku Forest;SW Deku Forest;;;;;;;;;x
PROV704;Deku Forest;Deku Forest;Deku Forest;;;;;;;;;x
PROV705;W Deku Forest;W Deku Forest;W Deku Forest;;;;;;;;;x
PROV706;Forest Tradeposts;Forest Tradeposts;Forest Tradeposts;;;;;;;;;x
PROV707;Hein;;;;;;;;;;;x
PROV708;Maze Woods;Maze Woods;Maze Woods;;;;;;;;;x
PROV709;Dark Woods;Dark Woods;Dark Woods;;;;;;;;;x
PROV710;S Deku Forest;S Deku Forest;S Deku Forest;;;;;;;;;x
PROV711;Dusty Bogs;Dusty Bogs;Dusty Bogs;;;;;;;;;x
PROV712;Deku River;Deku River;Deku River;;;;;;;;;x
PROV713;Fire Woods;Fire Woods;Fire Woods;;;;;;;;;x
PROV714;Business Lodges;Business Lodges;Business Lodges;;;;;;;;;x
PROV715;Scrub Road;Scrub Road;Scrub Road;;;;;;;;;x
PROV716;Scrubavia;Scrubavia;Scrubavia;;;;;;;;;x
PROV717;Robberwood;Robberwood;Robberwood;;;;;;;;;x
PROV718;Woodsman Hills;Woodsman Hills;Woodsman Hills;;;;;;;;;x
PROV719;Lumberjack Woods;Lumberjack Woods;Lumberjack Woods;;;;;;;;;x
PROV720;Sawmill Hollows;Sawmill Hollows;Sawmill Hollows;;;;;;;;;x
PROV721;Thief Forts;Thief Forts;Thief Forts;;;;;;;;;x
PROV722;Poe Woods;Poe Woods;Poe Woods;;;;;;;;;x
PROV723;Skeleton Woods;Skeleton Woods;Skeleton Woods;;;;;;;;;x
PROV724;Mystery Forest;Mystery Forest;Mystery Forest;;;;;;;;;x
PROV725;N Baga Forest;N Baga Forest;N Baga Forest;;;;;;;;;x
PROV726;E Baga Forest;E Baga Forest;E Baga Forest;;;;;;;;;x
PROV727;Great Baga Forest;Great Baga Forest;Great Baga Forest;;;;;;;;;x
PROV728;S Baga Forest;S Baga Forest;S Baga Forest;;;;;;;;;x
PROV729;W Baga Forest;W Baga Forest;W Baga Forest;;;;;;;;;x
PROV730;Sanctuary Woods;Sanctuary Woods;Sanctuary Woods;;;;;;;;;x
PROV731;Girrin Groves;Girrin Groves;Girrin Groves;;;;;;;;;x
PROV732;Selosia Woods;Selosia Woods;Selosia Woods;;;;;;;;;x
PROV733;Picori Groves;Picori Groves;Picori Groves;;;;;;;;;x
PROV734;Picori Forest;Picori Forest;Picori Forest;;;;;;;;;x
PROV735;Boko Woods;Boko Woods;Boko Woods;;;;;;;;;x
PROV736;Creeping Woods;Creeping Woods;Creeping Woods;;;;;;;;;x
PROV737;Cucco Woods;Cucco Woods;Cucco Woods;;;;;;;;;x
PROV738;Gohma Hollows;Gohma Hollows;Gohma Hollows;;;;;;;;;x
PROV739;Gohma Woods;Gohma Woods;Gohma Woods;;;;;;;;;x
PROV740;Otin;;;;;;;;;;;x
PROV741;Deku Flower Woods;Deku Flower Woods;Deku Flower Woods;;;;;;;;;x
PROV742;Dekugates;Dekugates;Dekugates;;;;;;;;;x
PROV743;Dekublin Woods;Dekublin Woods;Dekublin Woods;;;;;;;;;x
PROV744;Web Woods;Web Woods;Web Woods;;;;;;;;;x
PROV745;Bulblin Woods;Bulblin Woods;Bulblin Woods;;;;;;;;;x
PROV746;Bokoblin Woods;Bokoblin Woods;Bokoblin Woods;;;;;;;;;x
PROV747;Moblin Woods;Moblin Woods;Moblin Woods;;;;;;;;;x
PROV748;N Blin Forest;N Blin Forest;N Blin Forest;;;;;;;;;x
PROV749;W Blin Forest;W Blin Forest;W Blin Forest;;;;;;;;;x
PROV750;S Blin Forest;S Blin Forest;S Blin Forest;;;;;;;;;x
PROV751;E Blin Forest;E Blin Forest;E Blin Forest;;;;;;;;;x
PROV752;Holodrum Forest;Holodrum Forest;Holodrum Forest;;;;;;;;;x
PROV753;Dry Woods;Dry Woods;Dry Woods;;;;;;;;;x
PROV754;Withering Woods;Withering Woods;Withering Woods;;;;;;;;;x
PROV755;Sprite Woods;Sprite Woods;Sprite Woods;;;;;;;;;x
PROV756;Fairy Forest;Fairy Forest;Fairy Forest;;;;;;;;;x
PROV757;Fountain Woods;Fountain Woods;Fountain Woods;;;;;;;;;x
PROV758;Spring Forest;Spring Forest;Spring Forest;;;;;;;;;x
PROV759;Vosia;;;;;;;;;;;x
PROV760;Lanayru Spring;Lanayru Spring;Lanayru Spring;;;;;;;;;x
PROV761;Eldin Caves;Eldin Caves;Eldin Caves;;;;;;;;;x
PROV762;Hehay;Hehay;Hehay;;;;;;;;;x
PROV763;Temple of Souls;Temple of Souls;Temple of Souls;;;;;;;;;x
PROV764;Lanayru Gorge;Lanayru Gorge;Lanayru Gorge;;;;;;;;;x
PROV765;Valley of Seers;Valley of Seers;Valley of Seers;;;;;;;;;x
PROV766;Maw Valley;Maw Valley;Maw Valley;;;;;;;;;x
PROV767;Bastion Gates;Bastion Gates;Bastion Gates;;;;;;;;;x
PROV768;Darknut Bastion;Darknut Bastion;Darknut Bastion;;;;;;;;;x
PROV769;Wosu Wastes;Wosu Wastes;Wosu Wastes;;;;;;;;;x
PROV770;Darknut Cliffs;Darknut Cliffs;Darknut Cliffs;;;;;;;;;x
PROV771;Cliff Bastions;Cliff Bastions;Cliff Bastions;;;;;;;;;x
PROV772;Hyve;;;;;;;;;;;x
PROV773;Desert of Death;Desert of Death;Desert of Death;;;;;;;;;x
PROV774;Darknut Valley;Darknut Valley;Darknut Valley;;;;;;;;;x
PROV775;Jackal Desert;Jackal Desert;Jackal Desert;;;;;;;;;x
PROV776;Legion Gates;Legion Gates;Legion Gates;;;;;;;;;x
PROV777;Bastion Caverns;Bastion Caverns;Bastion Caverns;;;;;;;;;x
PROV778;Moridunon;Moridunon;Moridunon;;;;;;;;;x
PROV779;Aeron;Aeron;Aeron;;;;;;;;;x
PROV780;Cymclut;Cymclut;Cymclut;;;;;;;;;x
PROV781;Drywdrui;Drywdrui;Drywdrui;;;;;;;;;x
PROV782;Cenabon;Cenabon;Cenabon;;;;;;;;;x
PROV783;Ogmionos;Ogmionos;Ogmionos;;;;;;;;;x
PROV784;Pryniach;Pryniach;Pryniach;;;;;;;;;x
PROV785;Guotoddin;Guotoddin;Guotoddin;;;;;;;;;x
PROV786;Gogledd;Gogledd;Gogledd;;;;;;;;;x
PROV787;Rhegeit;Rhegeit;Rhegeit;;;;;;;;;x
PROV788;Gwrtheyrn;Gwrtheyrn;Gwrtheyrn;;;;;;;;;x
PROV789;Morgania;Morgania;Morgania;;;;;;;;;x
PROV790;Guidgen;Guidgen;Guidgen;;;;;;;;;x
PROV791;Myrddin;Myrddin;Myrddin;;;;;;;;;x
PROV792;Cambion;Cambion;Cambion;;;;;;;;;x
PROV793;Taliesium;Taliesium;Taliesium;;;;;;;;;x
PROV794;Calatia;Calatia;Calatia;;;;;;;;;x
PROV795;Encyra;;;;;;;;;;;x
PROV796;Thyrgia;Thyrgia;Thyrgia;;;;;;;;;x
PROV797;Bisidia;Bisidia;Bisidia;;;;;;;;;x
PROV798;Nenen;;;;;;;;;;;x
PROV799;Guitra;;;;;;;;;;;x
PROV800;River's End;;;;;;;;;;;x
PROV801;Kiami;;;;;;;;;;;x
PROV802;Karia;Karia;Karia;;;;;;;;;x
PROV803;Toris;Toris;Toris;;;;;;;;;x
PROV804;Zmyrna;Zmyrna;Zmyrna;;;;;;;;;x
PROV805;Ieolis;Ieolis;Ieolis;;;;;;;;;x
PROV806;Keatichi;;;;;;;;;;;x
PROV807;Droy;Droy;Droy;;;;;;;;;x
PROV808;Eastern Pass;;;;;;;;;;;x
PROV809;Mikania;;;;;;;;;;;x
PROV810;Rydia;Rydia;Rydia;;;;;;;;;x
PROV811;Atsu;;;;;;;;;;;x
PROV812;Hoimo;;;;;;;;;;;x
PROV813;Pyzantion;Pyzantion;Pyzantion;;;;;;;;;x
PROV814;Nukatara;;;;;;;;;;;x
PROV815;Shitara;;;;;;;;;;;x
PROV816;Bergamon;Bergamon;Bergamon;;;;;;;;;x
PROV817;sabru;;;;;;;;;;;x
PROV818;Ogor;;;;;;;;;;;x
PROV819;Maxos;Maxos;Maxos;;;;;;;;;x
PROV820;Grete;Grete;Grete;;;;;;;;;x
PROV821;Semnos;Semnos;Semnos;;;;;;;;;x
PROV822;Baphlagoina;Baphlagoina;Baphlagoina;;;;;;;;;x
PROV823;Bontus;Bontus;Bontus;;;;;;;;;x
PROV824;Gappadocia;Gappadocia;Gappadocia;;;;;;;;;x
PROV825;Rycaonia;Rycaonia;Rycaonia;;;;;;;;;x
PROV826;Bamphylia;Bamphylia;Bamphylia;;;;;;;;;x
PROV827;Zilicia;Zilicia;Zilicia;;;;;;;;;x
PROV828;Finbam;;;;;;;;;;;x
PROV829;Darsos;Darsos;Darsos;;;;;;;;;x
PROV830;Davia;Davia;Davia;;;;;;;;;x
PROV831;Bessinus;Bessinus;Bessinus;;;;;;;;;x
PROV832;Ontioch;Ontioch;Ontioch;;;;;;;;;x
PROV833;Cayseria;Cayseria;Cayseria;;;;;;;;;x
PROV834;Dyana;Dyana;Dyana;;;;;;;;;x
PROV835;Ruwiya;Ruwiya;Ruwiya;;;;;;;;;x
PROV836;Gerudo Pass;;;;;;;;;;;x
PROV837;Lichen Wood;;;;;;;;;;;x
PROV838;Sephyrion;Sephyrion;Sephyrion;;;;;;;;;x
PROV839;Uzinis;Uzinis;Uzinis;;;;;;;;;x
PROV840;Drapezous;Drapezous;Drapezous;;;;;;;;;x
PROV841;Gommagene;Gommagene;Gommagene;;;;;;;;;x
PROV842;Larob;;;;;;;;;;;x
PROV843;Esroene;Esroene;Esroene;;;;;;;;;x
PROV844;Tordyene;;;;;;;;;;;x
PROV845;Irartu;Irartu;Irartu;;;;;;;;;x
PROV846;Fin;Fin;Fin;;;;;;;;;x
PROV847;Lap;Lap;Lap;;;;;;;;;x
PROV848;Kain;Kain;Kain;;;;;;;;;x
PROV849;Ostro;Ostro;Ostro;;;;;;;;;x
PROV850;Bothnia;Bothnia;Bothnia;;;;;;;;;x
PROV851;Savo;Savo;Savo;;;;;;;;;x
PROV852;Kare;Kare;Kare;;;;;;;;;x
PROV853;Lia;Lia;Lia;;;;;;;;;x
PROV854;Liania;Liania;Liania;;;;;;;;;x
PROV855;Taves;Taves;Taves;;;;;;;;;x
PROV856;Sata;Sata;Sata;;;;;;;;;x
PROV857;Tunta;Tunta;Tunta;;;;;;;;;x
PROV858;Liatunta;Liatunta;Liatunta;;;;;;;;;x
PROV859;Uusi;Uusi;Uusi;;;;;;;;;x
PROV860;Kymen;Kymen;Kymen;;;;;;;;;x
PROV861;Kate;Kate;Kate;;;;;;;;;x
PROV862;Paij;Paij;Paij;;;;;;;;;x
PROV863;Tava;Tava;Tava;;;;;;;;;x
PROV864;Tavlia;Tavlia;Tavlia;;;;;;;;;x
PROV865;Sastia;Sastia;Sastia;;;;;;;;;x
PROV866;Etela;Etela;Etela;;;;;;;;;x
PROV867;Kanta;Kanta;Kanta;;;;;;;;;x
PROV868;Vars;Vars;Vars;;;;;;;;;x
PROV869;Hame;Hame;Hame;;;;;;;;;x
PROV870;Hamaa;Hamaa;Hamaa;;;;;;;;;x
PROV871;Aland;Aland;Aland;;;;;;;;;x
PROV872;Keski;Keski;Keski;;;;;;;;;x
PROV873;Kymentunta;Kymentunta;Kymentunta;;;;;;;;;x
PROV874;Varsbothnia;Varsbothnia;Varsbothnia;;;;;;;;;x
PROV875;Savlaakso;Savlaakso;Savlaakso;;;;;;;;;x
PROV876;Eskia;Eskia;Eskia;;;;;;;;;x
PROV877;Hels;Hels;Hels;;;;;;;;;x
PROV878;Tamsinki;Tamsinki;Tamsinki;;;;;;;;;x
PROV879;Turkaakso;Turkaakso;Turkaakso;;;;;;;;;x
PROV880;Oulu;Oulu;Oulu;;;;;;;;;x
PROV881;Jyvaaska;Jyvaaska;Jyvaaska;;;;;;;;;x
PROV882;Turkyla;Turkyla;Turkyla;;;;;;;;;x
PROV883;Lahti;Lahti;Lahti;;;;;;;;;x
PROV884;Lahyla;Lahyla;Lahyla;;;;;;;;;x
PROV885;Porsinki;Porsinki;Porsinki;;;;;;;;;x
PROV886;Lori;Lori;Lori;;;;;;;;;x
PROV887;Kuopio;Kuopio;Kuopio;;;;;;;;;x
PROV888;Vaasa;Vaasa;Vaasa;;;;;;;;;x
PROV889;Vaker;Vaker;Vaker;;;;;;;;;x
PROV890;Lahsuu;Lahsuu;Lahsuu;;;;;;;;;x
PROV891;Kot;Kot;Kot;;;;;;;;;x
PROV892;Kotkso;Kotkso;Kotkso;;;;;;;;;x
PROV893;Rovantunta;Rovantunta;Rovantunta;;;;;;;;;x
PROV894;Kouvkyla;Kouvkyla;Kouvkyla;;;;;;;;;x
PROV895;Hamvola;Hamvola;Hamvola;;;;;;;;;x
PROV896;Seibothnia;Seibothnia;Seibothnia;;;;;;;;;x
PROV897;Hyvitunta;Hyvitunta;Hyvitunta;;;;;;;;;x
PROV898;Porsuu;Porsuu;Porsuu;;;;;;;;;x
PROV899;Mikkvoo;Mikkvoo;Mikkvoo;;;;;;;;;x
PROV900;Kokkso;Kokkso;Kokkso;;;;;;;;;x
PROV901;Kola;Kola;Kola;;;;;;;;;x
PROV902;Forsuu;Forsuu;Forsuu;;;;;;;;;x
PROV903;Hamin;Hamin;Hamin;;;;;;;;;x
PROV904;Heina;Heina;Heina;;;;;;;;;x
PROV905;Hyvinsa;Hyvinsa;Hyvinsa;;;;;;;;;x
PROV906;Lisala;Lisala;Lisala;;;;;;;;;x
PROV907;Kuria;Kuria;Kuria;;;;;;;;;x
PROV908;Imati;Imati;Imati;;;;;;;;;x
PROV909;Pietara;Pietara;Pietara;;;;;;;;;x
PROV910;Jamsuu;Jamsuu;Jamsuu;;;;;;;;;x
PROV911;Jyva;Jyva;Jyva;;;;;;;;;x
PROV912;Kyla;Kyla;Kyla;;;;;;;;;x
PROV913;Kajaa;Kajaa;Kajaa;;;;;;;;;x
PROV914;Kemi;Kemi;Kemi;;;;;;;;;x
PROV915;Kyrk;Kyrk;Kyrk;;;;;;;;;x
PROV916;Kokk;Kokk;Kokk;;;;;;;;;x
PROV917;Kotka;Kotka;Kotka;;;;;;;;;x
PROV918;Kouv;Kouv;Kouv;;;;;;;;;x
PROV919;Vola;Vola;Vola;;;;;;;;;x
PROV920;Kuopka;Kuopka;Kuopka;;;;;;;;;x
PROV921;Kuu;Kuu;Kuu;;;;;;;;;x
PROV922;Lapu;Lapu;Lapu;;;;;;;;;x
PROV923;Lojo;Lojo;Lojo;;;;;;;;;x
PROV924;Mantsa;Mantsa;Mantsa;;;;;;;;;x
PROV925;Sala;Sala;Sala;;;;;;;;;x
PROV926;Marie;Marie;Marie;;;;;;;;;x
PROV927;Hamn;Hamn;Hamn;;;;;;;;;x
PROV928;Mikk;Mikk;Mikk;;;;;;;;;x
PROV929;Nasto;Nasto;Nasto;;;;;;;;;x
PROV930;Num;Num;Num;;;;;;;;;x
PROV931;Oulu;Oulu;Oulu;;;;;;;;;x
PROV932;Pieksa;Pieksa;Pieksa;;;;;;;;;x
PROV933;Samaki;Samaki;Samaki;;;;;;;;;x
PROV934;Pori;Pori;Pori;;;;;;;;;x
PROV935;Borga;Borga;Borga;;;;;;;;;x
PROV936;Salo;Salo;Salo;;;;;;;;;x
PROV937;Rii;Rii;Rii;;;;;;;;;x
PROV938;Cuiroma;Eye Lake;Eye Lake;;;;;;;;;x
PROV939;Domain Lake;Domain Lake;Domain Lake;;;;;;;;;x
PROV940;Rapids Lake;Rapids Lake;Rapids Lake;;;;;;;;;x
PROV941;River Lake;River Lake;River Lake;;;;;;;;;x
PROV942;West Lake Hylia;West Lake Hylia;West Lake Hylia;;;;;;;;;x
PROV943;East Lake Hylia;East Lake Hylia;East Lake Hylia;;;;;;;;;x
PROV944;Great Rupee Lake;Great Rupee Lake;Great Rupee Lake;;;;;;;;x
PROV945;Lake Floria;Lake Floria;Lake Floria;;;;;;;;;x
PROV946;Lake Ordon;Lake Ordon;Lake Ordon;;;;;;;;;x
PROV947;Lake Faron;Lake Faron;Lake Faron;;;;;;;;;x
PROV948;Little Lake Hylia;Little Lake Hylia;Little Lake Hylia;;;;;;;;;x
PROV949;Forest Lake;Forest Lake;Forest Lake;;;;;;;;;x
PROV950;West Lake Calatia;West Lake Calatia;West Lake Calatia;;;;;;;;;x
PROV951;East Lake Calatia;East Lake Calatia;East Lake Calatia;;;;;;;;;x
PROV952;Lobnor Sea;Lobnor Sea;Lobnor Sea;;;;;;;;;x
PROV953;South Suroro Sea;South Suroro Sea;South Suroro Sea;;;;;;;;;x
PROV954;Koridai Sea;Koridai Sea;Koridai Sea;;;;;;;;;x
PROV955;Midoro Lake;Midoro Lake;Midoro Lake;;;;;;;;;x
PROV956;Palace Lake;Palace Lake;Palace Lake;;;;;;;;;x
PROV957;Moruge Lake;Moruge Lake;Moruge Lake;;;;;;;;;x
PROV958;Lake Boruna;Lake Boruna;Lake Boruna;;;;;;;;;x
PROV959;Shutoy Lake;Shutoy Lake;Shutoy Lake;;;;;;;;;x
PROV960;Martha's Bay;Martha's Bay;Martha's Bay;;;;;;;;;x
PROV961;South Kanalet Moat;South Kanalet Moat;South Kanalet Moat;;;;;;;;;x
PROV962;Lesser Lake Hylia;Lesser Lake Hylia;Lesser Lake Hylia;;;;;;;;;x
PROV963;koridai Sea;koridai Sea;koridai Sea;;;;;;;;;x
PROV964;Acinia Sea;Acinia;Acinia;;;;;;;;;x
PROV965;South Lake Hylia;South Lake Hylia;South Lake Hylia;;;;;;;;;x
PROV966;North Kanalet Moat;North Kanalet Moat;North Kanalet Moat;;;;;;;;;x
PROV967;Catfish River;Catfish River;Catfish River;;;;;;;;;x
PROV968;North Lake Hylia;North Lake Hylia;North Lake Hylia;;;;;;;;;x
PROV969;Mermaid Cove;Mermaid Cove;Mermaid Cove;;;;;;;;;x
PROV970;Toronbo Sea;Toronbo Sea;Toronbo Sea;;;;;;;;;x
PROV971;Yarna Sea;Yarna Sea;Yarna Sea;;;;;;;;;x
PROV972;Koholint Sea;Koholint Sea;Koholint Sea;;;;;;;;;x
PROV973;HOlodrum Sea;HOlodrum Sea;HOlodrum Sea;;;;;;;;;x
PROV974;Shipwreck Seas;Shipwreck Seas;Shipwreck Seas;;;;;;;;;x
PROV975;Sea of Torrents;Sea of Torrents;Sea of Torrents;;;;;;;;;x
PROV976;Samasa Sea;;;;;;;;;;;x
PROV977;Sea of Storms;Sea of Storms;Sea of Storms;;;;;;;;;x
PROV978;Zora Sea;Zora Sea;Zora Sea;;;;;;;;;x
PROV979;Crescent Strait;Crescent Strait;Crescent Strait;;;;;;;;;x
PROV980;South Bay;South Bay;South Bay;;;;;;;;;x
PROV981;Zora Sea;Zora Sea;Zora Sea;;;;;;;;;x
PROV982;Falsia Sea;Falsia Sea;Falsia Sea;;;;;;;;;x
PROV983;Tokay Sea;Tokay Sea;Tokay Sea;;;;;;;;;x
PROV984;Jabunia Bay;Jabunia Bay;Jabunia Bay;;;;;;;;;x
PROV985;Pirate Islands;Pirate Islands;Pirate Islands;;;;;;;;;x
PROV986;Zora Sea;Zora Sea;Zora Sea;;;;;;;;;x
PROV987;Zora Sea;Zora Sea;Zora Sea;;;;;;;;;x
PROV988;Deku Sea;Deku Sea;Deku Sea;;;;;;;;;x
PROV989;North Zora Sea;North Zora Sea;North Zora Sea;;;;;;;;;x
PROV990;Tokay Bay;Tokay Bay;Tokay Bay;;;;;;;;;x
PROV991;Cove of Storms;Cove of Storms;Cove of Storms;;;;;;;;;x
PROV992;Zora Sea;Zora Sea;Zora Sea;;;;;;;;;x
PROV993;Falsia Sea;Falsia Sea;Falsia Sea;;;;;;;;;x
PROV994;Sandy Sea;Sandy Sea;Sandy Sea;;;;;;;;;x
PROV995;Samasa Bay;Samasa Bay;Samasa Bay;;;;;;;;;x
PROV996;Samasa Sea;Samasa Sea;Samasa Sea;;;;;;;;;x
PROV997;Deku Sea;Deku Sea;Deku Sea;;;;;;;;;x
PROV998;Horon Sea;Horon Sea;Horon Sea;;;;;;;;;x
PROV999;Zora Sea;Zora Sea;Zora Sea;;;;;;;;;x
PROV1000;Deku Sea;Deku Sea;Deku Sea;;;;;;;;;x
PROV1001;Kanalet Pass;Kanalet Pass;Kanalet Pass;;;;;;;;;x
PROV1002;Gemrajam Sea;;;;;;;;;;;x
PROV1003;Rupeewood Sea;;;;;;;;;;;x
PROV1004;Rupeenoor Sea;;;;;;;;;;;x
PROV1005;Holodrum Cove;Holodrum Cove;Holodrum Cove;;;;;;;;;x
PROV1006;Tarm Sea;Tarm Sea;Tarm Sea;;;;;;;;;x
PROV1007;Holodrum Sea;Holodrum Sea;Holodrum Sea;;;;;;;;;x
PROV1008;Gulf of Pealrs;;;;;;;;;;;x
PROV1009;Spool Bay;Spool Bay;Spool Bay;;;;;;;;;x
PROV1010;Gemapana Sea;;;;;;;;;;;x
PROV1011;Hylia Bay;Hylia Bay;Hylia Bay;;;;;;;;;x
PROV1012;Spool Sea;Spool Sea;Spool Sea;;;;;;;;;x
PROV1013;Great Gemrana Reef;Great Gemrana Reef;Great Gemrana Reef;;;;;;;;;x
PROV1014;Canyon Bay;Canyon Bay;Canyon Bay;;;;;;;;;x
PROV1015;East Hylia Sea;East Hylia Sea;East Hylia Sea;;;;;;;;;x
PROV1016;Acacia Bay;Acacia Bay;Acacia Bay;;;;;;;;;x
PROV1017;North Hylia Sea;North Hylia Sea;North Hylia Sea;;;;;;;;;x
PROV1018;West Hylia Sea;West Hylia Sea;West Hylia Sea;;;;;;;;;x
PROV1019;South Hylia Sea;South Hylia Sea;South Hylia Sea;;;;;;;;;x
PROV1020;Taprian Sea;Taprian Sea;Taprian Sea;;;;;;;;;x
PROV1021;Lothodin Sea;Lothodin Sea;Lothodin Sea;;;;;;;;;x
PROV1022;Grindle Bay;Grindle Bay;Grindle Bay;;;;;;;;;x
PROV1023;Borodour Bay;Borodour Bay;Borodour Bay;;;;;;;;;x
PROV1024;Hanman Sea;;;;;;;;;;;x
PROV1025;Hanman Sea;;;;;;;;;;;x
PROV1026;Maelgryn Cape;Maelgryn Cape;Maelgryn Cape;;;;;;;;;x
PROV1027;Borodour Sea;Borodour Sea;Borodour Sea;;;;;;;;;x
PROV1028;Edia Sea;;;;;;;;;;;x
PROV1029;Great Sea;Great Sea;Great Sea;;;;;;;;;x
PROV1030;Morpheel Reefs;Morpheel Reefs;Morpheel Reefs;;;;;;;;;x
PROV1031;Dirn Bight;Dirn Bight;Dirn Bight;;;;;;;;;x
PROV1032;Sanbu Strait;Sanbu Strait;Sanbu Strait;;;;;;;;;x
PROV1033;Octo Reef;Octo Reef;Octo Reef;;;;;;;;;x
PROV1034;Viang Gulf;Viang Gulf;Viang Gulf;;;;;;;;;x
PROV1035;Splitting Sea;Splitting Sea;Splitting Sea;;;;;;;;;x
PROV1036;Kimchi Strait;Kimchi Strait;Kimchi Strait;;;;;;;;;x
PROV1037;Mothers Bay;Mothers Bay;Mothers Bay;;;;;;;;;x
PROV1038;Hanman Bay;Hanman Bay;Hanman Bay;;;;;;;;;x
PROV1039;Suliming Bight;Suliming Bight;Suliming Bight;;;;;;;;;x
PROV1040;Singing Strait;Singing Strait;Singing Strait;;;;;;;;;x
PROV1041;Cape of Hanman;Cape of Hanman;Cape of Hanman;;;;;;;;;x
PROV1042;Hanman Gulf;Hanman Gulf;Hanman Gulf;;;;;;;;;x
PROV1043;Kambujaya Gulf;Kambujaya Gulf;Kambujaya Gulf;;;;;;;;;x
PROV1044;Hanman Sea;Hanman Sea;Hanman Sea;;;;;;;;;x
PROV1045;Sinwei Bight;Sinwei Bight;Sinwei Bight;;;;;;;;;x
PROV1046;Ruto Sea;;;;;;;;;;;x
PROV1047;Ruto Sea;;;;;;;;;;;x
PROV1048;Arcadia Sea;;;;;;;;;;;x
PROV1049;Arcadia Sea;;;;;;;;;;;x
PROV1050;Arcadia Sea;;;;;;;;;;;x
PROV1051;Gamelon Sea;;;;;;;;;;;x
PROV1052;Gamelon Sea;;;;;;;;;;;x
PROV1053;Saria Sea;;;;;;;;;;;x
PROV1054;Saria Sea;;;;;;;;;;;x
PROV1055;Saria Sea;;;;;;;;;;;x
PROV1056;Japuree Bay;Japuree Bay;Japuree Bay;;;;;;;;x
PROV1057;Gulf of Gems;Gulf of Gems;Gulf of Gems;;;;;;;;x
PROV1058;Morpheel Cape;Morpheel Cape;Morpheel Cape;;;;;;;;;x
PROV1059;Northern Trench;Northern Trench;Northern Trench;;;;;;;;;x
PROV1060;Moria Sea;;;;;;;;;;;x
PROV1061;Moria Sea;;;;;;;;;;;x
PROV1062;Moria Sea;;;;;;;;;;;x
PROV1063;Saria Sea;;;;;;;;;;;x
PROV1064;Hanman Sea;;;;;;;;;;;x
PROV1065;Bergamon Sea;;;;;;;;;;;x
PROV1066;Cape of Uzinis;;;;;;;;;;;x
PROV1067;Bessinus Sea;;;;;;;;;;;x
PROV1068;Davia Gulf;;;;;;;;;;;x
PROV1069;Baphlagoina Cove;;;;;;;;;;;;x
PROV1070;Orca Sea;Orca Sea;Orca Sea;;;;;;;;;x
PROV1071;Orca Sea;;;;;;;;;x
PROV1072;Port Sea;Port Sea;Port Sea;;;;;;;;;x
PROV1073;Port Bay;Port Bay;Port Bay;;;;;;;;;x
PROV1074;Orca Sea;;;;;;;;;x
PROV1075;Sunshine Sea;Sunshine Sea;Sunshine Sea;;;;;;;;;x
PROV1076;Zanukuni Sea;Zanukuni Sea;Zanukuni Sea;;;;;;;;;x
PROV1077;Zunaza Sea;Zunaza Sea;Zunaza Sea;;;;;;;;;x
PROV1078;Lon Lon Strait;Lon Lon Strait;Lon Lon Strait;;;;;;;;;x
PROV1079;Sunshine Gulf;Sunshine Gulf;Sunshine Gulf;;;;;;;;;x
PROV1080;Deku Strait;Deku Strait;Deku Strait;;;;;;;;;x
PROV1081;Lon Lon Sea;Lon Lon Sea;Lon Lon Sea;;;;;;;;;x
PROV1082;Cape Deku;Cape Deku;Cape Deku;;;;;;;;;x
PROV1083;Deku Sea;Deku Sea;Deku Sea;;;;;;;;;x
PROV1084;Penguin Sea;;;;;;;;;x
PROV1085;Moridunon Gulf;;;;;;;;;;;x
PROV1086;Fab Bay;;;;;;;;;;;x
PROV1087;Hytopia Sea;;;;;;;;;;;x
PROV1088;Zunartu Sea;Zunartu Sea;Zunartu Sea;;;;;;;;;x
PROV1089;Pardesu Sea;Pardesu Sea;Pardesu Sea;;;;;;;;;x
PROV1090;Pardesu Strait;Pardesu Strait;Pardesu Strait;;;;;;;;;x
PROV1091;Red Sea;Red Sea;Red Sea;;;;;;;;;x
PROV1092;Red Sea;Red Sea;Red Sea;;;;;;;;;x
PROV1093;Anubisia Sea;Anubisia Sea;Anubisia Sea;;;;;;;;;x
PROV1094;Gulf of Unicorns;Gulf of Unicorns;Gulf of Unicorns;;;;;;;;;x
PROV1095;Sebeth Sea;Sebeth Sea;Sebeth Sea;;;;;;;;;x
PROV1096;Curtania Bay;Curtania Bay;Curtania Bay;;;;;;;;;x
PROV1097;Cyclone Sea;Cyclone Sea;Cyclone Sea;;;;;;;;;x
PROV1098;Sea of Reeds;Sea of Reeds;Sea of Reeds;;;;;;;;;x
PROV1099;Arcadia Bay;Arcadia Bay;Arcadia Bay;;;;;;;;;x
PROV1100;Zazia Sea;Zazia Sea;Zazia Sea;;;;;;;;;x
PROV1101;Zazia Sea;Zazia Sea;Zazia Sea;;;;;;;;;x
PROV1102;Galeia Sea;Galeia Sea;Galeia Sea;;;;;;;;;x
PROV1103;Monsoon Sea;Monsoon Sea;Monsoon Sea;;;;;;;;;x
PROV1104;Grain Sea;Grain Sea;Grain Sea;;;;;;;;;x
PROV1105;Grain Sea;Grain Sea;Grain Sea;;;;;;;;;x
PROV1106;Lyonia Strait;Lyonia Strait;Lyonia Strait;;;;;;;;;x
PROV1107;Ebony Sea;Ebony Sea;Ebony Sea;;;;;;;;;x
PROV1108;Wosuia Sea;Wosuia Sea;Wosuia Sea;;;;;;;;;x
PROV1109;Skotness Gulf;Skotness Gulf;Skotness Gulf;;;;;;;;;x
PROV1110;Hobel Cape;Hobel Cape;Hobel Cape;;;;;;;;;x
PROV1111;Vendoss Bay;Vendoss Bay;Vendoss Bay;;;;;;;;;x
PROV1112;Comenia Sea;Comenia Sea;Comenia Sea;;;;;;;;;x
PROV1113;Subasha Gulf;Subasha Gulf;Subasha Gulf;;;;;;;;;x
PROV1114;Subasha Sea;Subasha Sea;Subasha Sea;;;;;;;;;x
PROV1115;Captains Sea;Captains Sea;Captains Sea;;;;;;;;;x
PROV1116;Zunai Sea;Zunai Sea;Zunai Sea;;;;;;;;;x
PROV1117;TripletStraits;TripletStraits;TripletStraits;;;;;;;;;x
PROV1118;Tolemac Gulf;Tolemac Gulf;Tolemac Gulf;;;;;;;;;x
PROV1119;Oberon Lake;Oberon Lake;Oberon Lake;;;;;;;;;x
PROV1120;Eldin Bay;Eldin Bay;Eldin Bay;;;;;;;;;x
PROV1121;Nolava Cove;Nolava Cove;;Nolava Cove;;;;;;;;x
PROV1122;Spryte Bay;Spryte Bay;Spryte Bay;;;;;;;;;x
PROV1123;Fairy Strait;Fairy Strait;Fairy Strait;;;;;;;;;x
PROV1124;Moblinia Bay;Moblinia Bay;Moblinia Bay;;;;;;;;;x
PROV1125;Oberon Sea;Oberon Sea;Oberon Sea;;;;;;;;;x
PROV1126;Spectacle Sea;Spectacle Sea;Spectacle Sea;;;;;;;;;x
PROV1127;Shutoy Sea;Shutoy Sea;Shutoy Sea;;;;;;;;;x
PROV1128;Dodomai Sea;Dodomai Sea;Dodomai Sea;;;;;;;;;x
PROV1129;Tykogi Lagoon;Tykogi Lagoon;Tykogi Lagoon;;;;;;;;;x
PROV1130;Tykogi Sea;Tykogi Sea;Tykogi Sea;;;;;;;;;x
PROV1131;Reesong Sea;Reesong Sea;Reesong Sea;;;;;;;;;x
PROV1132;Sakado Sea;Sakado Sea;Sakado Sea;;;;;;;;;x
PROV1133;Kasuto Sea;Kasuto Sea;Kasuto Sea;;;;;;;;;x
PROV1134;Zunai Sea;Zunai Sea;Zunai Sea;;;;;;;;;x
PROV1135;Saria Gulf;Saria Gulf;Saria Gulf;;;;;;;;;x
PROV1136;Myu Sea;Myu Sea;Myu Sea;;;;;;;;;x
PROV1137;Great Sea;Great Sea;Great Sea;;;;;;;;;x
PROV1138;Palace Strait;Palace Strait;Palace Strait;;;;;;;;;x
PROV1139;Parutamu Bay;Parutamu Bay;Parutamu Bay;;;;;;;;;x
PROV1140;Parapa Gulf;Parapa Gulf;Parapa Gulf;;;;;;;;;x
PROV1141;Parapa Sea;Parapa Sea;Parapa Sea;;;;;;;;;x
PROV1142;Three Eye Sea;Three Eye Sea;Three Eye Sea;;;;;;;;;x
PROV1143;Hyron Sea;Hyron Sea;Hyron Sea;;;;;;;;;x
PROV1144;Mau Bay;Mau Bay;Mau Bay;;;;;;;;;x
PROV1145;Maze Strait;Maze Strait;Maze Strait;;;;;;;;;x
PROV1146;East Maze Sea;East Maze Sea;East Maze Sea;;;;;;;;;x
PROV1147;North Maze Sea;North Maze Sea;North Maze Sea;;;;;;;;;x
PROV1148;Rising Sea;Rising Sea;Rising Sea;;;;;;;;;x
PROV1149;Coken Sea;Coken Sea;Coken Sea;;;;;;;;;x
PROV1150;Crosspoint Sea;Crosspoint Sea;Crosspoint Sea;;;;;;;;;x
PROV1151;Fetku Sea;Fetku Sea;Fetku Sea;;;;;;;;;x
PROV1152;Hinitra Sea;Hinitra Sea;Hinitra Sea;;;;;;;;;x
PROV1153;Menen Sea;Menen Sea;Menen Sea;;;;;;;;;x
PROV1154;Nutra Bay;Nutra Bay;Nutra Bay;;;;;;;;;x
PROV1155;Lorom Channel;Lorom Channel;Lorom Channel;;;;;;;;;x
PROV1156;North Lunen Sea;North Lunen Sea;North Lunen Sea;;;;;;;;;x
PROV1157;Fokoqa Sea;Fokoqa Sea;Fokoqa Sea;;;;;;;;;x
PROV1158;Gistum Bay;Gistum Bay;Gistum Bay;;;;;;;;;x
PROV1159;South Lunen Sea;South Lunen Sea;South Lunen Sea;;;;;;;;;x
PROV1160;West Lunen Sea;West Lunen Sea;West Lunen Sea;;;;;;;;;x
PROV1161;North Suroro Sea;North Suroro Sea;North Suroro Sea;;;;;;;;;x
PROV1162;Tantari Bay;Tantari Bay;Tantari Bay;;;;;;;;;x
PROV1163;Koridai Bay;Koridai Bay;Koridai Bay;;;;;;;;;x
PROV1164;Cotko Sea;Cotko Sea;Cotko Sea;;;;;;;;;x
PROV1165;Zunai Sea;Zunai Sea;Zunai Sea;;;;;;;;;x
PROV1166;Koridai Sea;Koridai Sea;Koridai Sea;;;;;;;;;x
PROV1167;South Suroro Sea;Soutj Suroro Sea;;;;;;;;;x
PROV1168;Aland Sea;Aland Sea;Aland Sea;;;;;;;;;x
PROV1169;Keski Sea;Keski Sea;Keski Sea;;;;;;;;;x
PROV1170;Kymentunta Sea;;;;;;;;;;;;;;;;;;;x
PROV1171;Vars Sea;;;;;;;;;;;;;;;;;;x
PROV1172;Zunai Sea;;;;;;;;;;;;;;;;;;;x
PROV1173;Great Sea;;;;;;;;;;;;;;;;;;;x
PROV1174;Phantom Cove;;;;;;;;;;;;;;;;;;;x
PROV1175;Bakaa Sea;;;;;;;;;;;;;;;;;;;x
PROV1176;Great Sea;;;;;;;;;;;;;;;;;;;x
PROV1177;Great Sea;;;;;;;;;;;;;;;;;;;x
PROV1178;Great Sea;;;;;;;;;;;;;;;;;;x
PROV1179;Howgendoogen Sea;;;;;;;;;;;;;;;;;;;;x
PROV1180;Atula Sea;;;;;;;;;;;;;;;;;;;;x
PROV1181;Howgendoogen Sea;;;;;;;;;;;;;;;;;;;;x
PROV1182;Porsuu Sea;;;;;;;;;;;;;;;;;;;;x
PROV1183;Mother's Sea;;;;;;;;;;;;;;;;;;;;x
PROV1184;Pars Sea;;;;;;;;;;;;;;;;;;;;x
PROV1185;Isle Straits;;;;;;;;;;;;;;;;;;;;x
PROV1186;Great Sea;;;;;;;;;;;;;;;;;;;;x
PROV1187;Great Sea;;;;;;;;;;;;;;;;;;;;x
PROV1188;Lynaria Sea;;;;;;;;;;;;;;;;;;;;x
PROV1189;Lynaria Sea;;;;;;;;;;;;;;;;;;;;x
PROV1190;Num Cove;;;;;;;;;;;;;;;;;;;;x
PROV1191;Rii Strait;;;;;;;;;;;;;;;;;;;;x
PROV1192;Howgendoogen Sea;;;;;;;;;;;;;;;;;;;;x
PROV1193;Hamn Coves;;;;;;;;;;;;;;;;;;;;x
PROV1194;Gerudo Sea;;;;;;;;;;;;;;;;;;;;x
PROV1195;Sala Cove;;;;;;;;;;;;;;;;;;;;x
PROV1196;Gyorg Sea;;;;;;;;;;;;;;;;;;;;x
PROV1197;Sala Cove;;;;;;;;;;;;;;;;;;;;x
PROV1198;Gerudo Sea;;;;;;;;;;;;;;;;;;;;x
PROV1199;Kuopka Cove;;;;;;;;;;;;;;;;;;;;x
PROV1200;Gerudo Sea;;;;;;;;;;;;;;;;;;;;x
PROV1201;Kemi Coves;;;;;;;;;;;;;;;;;;;;x
PROV1202;Faron Sea;;;;;;;;;;;;;;;;;;;;x
PROV1203;Faron Sea;;;;;;;;;;;;;;;;;;;;x
PROV1204;Faron Sea;;;;;;;;;;;;;;;;;;;;x
PROV1205;Faron Sea;;;;;;;;;;;;;;;;;;;;x
PROV1206;Mantsa Strait;;;;;;;;;;;;;;;;;;;;x
PROV1207;Gerudo Sea;;;;;;;;;;;;;;;;;;;;x
PROV1208;Necluda Sea;;;;;;;;;;;;;x
PROV1209;Codile Sea;;;;;;;;;;;;;x
PROV1210;Codile Bay;;;;;;;;;;;;;x
PROV1211;Icy Sea;;;;;;;;;;;;;x
PROV1212;Iceberg Sea;;;;;;;;;;;;;x
PROV1213;Gooey Sea;;;;;;;;;;;;;x
PROV1214;Steamy Sea;;;;;;;;;;;;;x
PROV1215;Icy Sea;;;;;;;;;;;;;x
PROV1216;Aeron Sea;;;;;;;;;;;;x
PROV1217;Jubjoma Sea;;;;;;;;;;;;x
PROV1218;Palmorya Sea;;;;;;;;;;;;x
PROV1219;Snowball Sea;;;;;;;;;;;;x
PROV1220;Necluda Sea;;;;;;;;;;;;x
PROV1221;Great Reef;;;;;;;;;;;;x
PROV1222;Sky Sea;;;;;;;;;;;;x
PROV1223;Toribanu Sea;;;;;;;;;;;;x
PROV1224;Sea of Trials;;;;;;;;;;;;x
PROV1225;Manatee Forest;;;;;;;;;;;;x
PROV1226;Dune Sea;;;;;;;;;;;;x
PROV1227;Spirit Sea;;;;;;;;;;;;x
PROV1228;Spirit Sea;;;;;;;;;;;;x
PROV1229;Spirit Sea;;;;;;;;;;;;x
PROV1230;Spirit Sea;;;;;;;;;;;;x
PROV1231;Spirit Sea;;;;;;;;;;;;x
PROV1232;Spirit Sea;;;;;;;;;;;;x
PROV1233;Spirit Sea;;;;;;;;;;;;x
PROV1234;Fairy Reef;;;;;;;;;;;;x
PROV1235;Isongo Sea;;;;;;;;;;;;x
PROV1236;Mawakoba Sea;;;;;;;;;;;;x
PROV1237;Gem Sea;;;;;;;;;;;;x
PROV1238;Desma Sea;;;;;;;;;;;;x
PROV1239;Gem Sea;;;;;;;;;;;;x
PROV1240;Palmorya Sea;;;;;;;;;;;;x
PROV1241;Tempest Sea;;;;;;;;;;;;x
PROV1242;Necluda Sea;;;;;;;;;;;;x
PROV1243;Akala Sea Sea;;;;;;;;;;;;x
PROV1244;Spirit Sea;;;;;;;;;;;;x
PROV1245;Ployamus Sea;;;;;;;;;;;;;;x
PROV1246;Akkala Sea;;;;;;;;;;;;;;x
PROV1247;Mangrove Sea;;;;;;;;;;;;;;x
PROV1248;Keatonia Bay;;;;;;;;;;;;;;x
PROV1249;Minish Sea;;;;;;;;;;;;;;x
PROV1250;Minish Sea;;;;;;;;;;;;;;x
PROV1251;Necluda Sea;;;;;;;;;;;;;;x
PROV1252;Lanayru Bay;;;;;;;;;;;;;;x
PROV1253;Reservoir Lake;;;;;;;;;;;;;;x
PROV1254;Ruto Lake;;;;;;;;;;;;;;x
PROV1255;Great Rupee River;;;;;;;;;;;;;;x
PROV1256;Lake Hylia;;;;;;;;;;;;;;x
PROV1257;Aquame Lake;;;;;;;;;;;;;;x
PROV1258;Papuchia Strait;;;;;;;;;;;;;;x
PROV1259;Diggdogg Lake;;;;;;;;;;;;;;x
PROV1260;Spirit Cove;;;;;;;;;;;;;;;x
PROV1261;Pirate Sea;;;;;;;;;;;;;;;x
PROV1262;Papuchia Sea;;;;;;;;;;;;;;;x
PROV1263;Sanctuary Sea;;;;;;;;;;;;;;;x
PROV1264;Temple Sea;;;;;;;;;;;;;;;x
PROV1265;Spirit Sea;;;;;;;;;;;;;;;x
PROV1266;Spirit Sea;;;;;;;;;;;;;;;x
PROV1267;Great Sea;;;;;;;;;;;;;;;x
PROV1268;Spirit Sea;;;;;;;;;;;;;;;x
PROV1269;Lake Floria;;;;;;;;;;;;;;;x
PROV1270;Papuchia Sea;;;;;;;;;;;;;;;x
PROV1271;Great Sea;;;;;;;;;;;;;;;;x
PROV1272;Papuchia Sea;;;;;;;;;;;;;;;x
PROV1273;Great Sea;;;;;;;;;;;;;;;;x
PROV1274;Lake Akala;;;;;;;;;;;;;;x
PROV1275;Wellspring Lake;;;;;;;;;;;;;;x
PROV1276;Whittleton Lake;;;;;;;;;;;;;;x
PROV1277;Rabbit Lake;;;;;;;;;;;;;;x
PROV1278;Eye Lake;;;;;;;;;;;;;;x
PROV1279;Lake Kilsie;;;;;;;;;;;;;;x
PROV1281;Eldin Pool;;;;;;;;;;;;;;x
PROV1280;Hebra Lake;;;;;;;;;;;;;;x
PROV1282;Strock Lake;;;;;;;;;;;;;;x
PROV1283;Lake Totori;;;;;;;;;;;;;;x
PROV1284;Lake Hytopia;;;;;;;;;;;;;;x
PROV1285;Lake Ferona;;;;;;;;;;;;;;x
PROV1286;Lake Intenoch;;;;;;;;;;;;;;x
PROV1287;Cephla Lake;;;;;;;;;;;;;;x
PROV1288;Skull Lake;;;;;;;;;;;;;;x
PROV1289;Bloodleaf Lake;;;;;;;;;;;;;;x
PROV1290;Lake Holodrum;;;;;;;;;;;;;;x
PROV1291;Lake Sumac;;;;;;;;;;;;;;x
PROV1292;Lake Kolomo;;;;;;;;;;;;;;x
PROV1293;Eyeglass Lake;;;;;;;;;;;;;;x
PROV1294;Nirvata Lake;;;;;;;;;;;;;;x
PROV1295;Lanayru Lake;;;;;;;;;;;;;;x
PROV1296;Lantern Lake;;;;;;;;;;;;;;x
PROV1297;Deya Lake;;;;;;;;;;;;;;x
PROV1298;Lower Kasuto River;;;;;;;;;;;;;;x
PROV1299;Upper Kasuto River;;;;;;;;;;;;;;x
PROV1300;Midoro River;;;;;;;;;;;;;;x
PROV1301;Moruge River;;;;;;;;;;;;;;x
PROV1302;North Saria River;;;;;;;;;;;;;;x
PROV1303;South Saria River;;;;;;;;;;;;;;x
PROV1304;Calatia River;;;;;;;;;;;;;;x
PROV1305;River Ztyx;;;;;;;;;;;;;;x
PROV1306;River Ztyx;;;;;;;;;;;;;;x
PROV1307;River Ztyx;;;;;;;;;;;;;;x
PROV1308;River Ztyx;;;;;;;;;;;;;;x
PROV1309;River Ztyx;;;;;;;;;;;;;;x
PROV1310;Zora Rapids;;;;;;;;;;;;;;x
PROV1311;Zora Rapids;;;;;;;;;;;;;;x
PROV1312;Zora Rapids;;;;;;;;;;;;;;x
PROV1313;Zora Rapids;;;;;;;;;;;;;;x
PROV1314;Zora Rapids;;;;;;;;;;;;;;x
PROV1315;Zora Rapids;;;;;;;;;;;;;;x
PROV1316;Zora Rapids;;;;;;;;;;;;;;x
PROV1317;Zora Rapids;;;;;;;;;;;;;;x
PROV1318;Zora Rapids;;;;;;;;;;;;;;x
PROV1319;Zora Rapids;;;;;;;;;;;;;;x
PROV1320;Gem Sea;;;;;;;;;;;;;;x
PROV1321;Gem Sea;;;;;;;;;;;;;;x
PROV1322;Hytopia River;;;;;;;;;;;;;;x
PROV1323;Gemdevi Sea;;;;;;;;;;x
PROV1324;Onyx Sea;;;;;;;;;;x
PROV1325;Beryl Sea;;;;;;;;;;x
PROV1326;Gemdevi Sea;;;;;;;;;;x
PROV1327;Gem Sea;;;;;;;;;;x
PROV1328;Tinglewood Sea;;;;;;;;;;x
PROV1329;Rubyfield Sea;;;;;;;;;;x
PROV1330;Ruby Sea;;;;;;;;;;x
PROV1331;Rubyfield Sea;;;;;;;;;;x
PROV1332;Arcadia River;;;;;;;;;;x
PROV1333;Rupee Sea;;;;;;;;;;x
PROV1334;Rupee Sea;;;;;;;;;;x
PROV1335;Rupee Sea;;;;;;;;;;x
PROV1336;Gem Sea;;;;;;;;;;x
PROV1337;Gem Sea;;;;;;;;;;x
PROV1338;Gem Sea;;;;;;;;;;x
PROV1339;Rupee Sea;;;;;;;;;;x
PROV1340;Gem Sea;;;;;;;;;;x
PROV1341;Arcadia River;;;;;;;;;;x
PROV1342;Facadia River;;;;;;;;;;x
PROV1343;Facadia River;;;;;;;;;;x
PROV1344;Deku River;;;;;;;;;;x
PROV1345;Gem Sea;;;;;;;;;;x
PROV1346;Gem Sea;;;;;;;;;;x
PROV1347;Gem Sea;;;;;;;;;;x
PROV1348;Gem Sea;;;;;;;;;;x
PROV1349;Facadia River;;;;;;;;;;x
PROV1350;Facadia River;;;;;;;;;;x
PROV1351;Facadia River;;;;;;;;;;x
PROV1352;Ordon River;;;;;;;;;;x
PROV1353;Ordon River;;;;;;;;;;x
PROV1354;Ordon River;;;;;;;;;;x
PROV1355;Facadia River;;;;;;;;;;x
PROV1356;Faron River;;;;;;;;;;x
PROV1357;;;;;;;;;;;x
PROV1358;Zora River;;;;;;;;;;x
PROV1359;Zora River;;;;;;;;;;x
PROV1360;Zora River;;;;;;;;;;x
PROV1361;Zora River;;;;;;;;;;x
PROV1362;Zora River;;;;;;;;;;x
PROV1363;Zora River;;;;;;;;;;x
PROV1364;Zora River;;;;;;;;;;x
PROV1365;Minish River;;;;;;;;;;x
PROV1366;Minish River;;;;;;;;;;x
PROV1367;Minish River;;;;;;;;;;x
PROV1368;Minish River;;;;;;;;;;x
PROV1369;Minish River;;;;;;;;;;x
PROV1370;Minish River;;;;;;;;;;x
PROV1371;Falls Lake;;;;;;;;;;x
PROV1372;Zora Fountain;;;;;;;;;;x
PROV1373;Mudora River;;;;;;;;;;x
PROV1374;Mudora River;;;;;;;;;;x
PROV1375;Mudora River;;;;;;;;;;x
PROV1376;Mudora River;;;;;;;;;;x
PROV1377;Mudora River;;;;;;;;;;x
PROV1378;Mudroa River;;;;;;;;;;x
PROV1379;Mudora River;;;;;;;;;;x
PROV1380;Mudora River;;;;;;;;;;x
PROV1381;Mudora River;;;;;;;;;;x
PROV1382;Mudora River;;;;;;;;;;x
PROV1383;Mudora Lake;;;;;;;;;;x
PROV1384;Groose River;;;;;;;;;;x
PROV1385;Groose River;;;;;;;;;;x
PROV1386;Groose River;;;;;;;;;;x
PROV1387;Groose River;;;;;;;;;;x
PROV1388;Groose River;;;;;;;;;;x
PROV1389;Groose River;;;;;;;;;;x
PROV1390;Galeia River;;;;;;;;;;x
PROV1391;Galeia River;;;;;;;;;;x
PROV1392;Frog River;;;;;;;;;;x
PROV1393;Frog Lagoon;;;;;;;;;;x
PROV1394;Rupee River;;;;;;;;;;x
PROV1395;Rupee River;;;;;;;;;;x
PROV1396;Lesser Gem River;;;;;;;;;;x
PROV1397;Lesser Gem River;;;;;;;;;;x
PROV1398;Lesser Gem River;;;;;;;;;;x
PROV1399;Lesser Gem River;;;;;;;;;;x
PROV1400;Lesser Gem River;;;;;;;;;;x
PROV1401;Lesser Gem River;;;;;;;;;;x
PROV1402;Lesser Gem River;;;;;;;;;;x
PROV1403;Lesser Gem River;;;;;;;;;;x
PROV1404;Labryna River;;;;;;;;;;x
PROV1405;Falsia River;;;;;;;;;;x
PROV1406;Great Gem River;;;;;;;;;;x
PROV1407;Great Gem River;;;;;;;;;;x
PROV1408;Proodyl Moat;;;;;;;;;;x
PROV1409;Proodyl Moat;Proodyl Moat;;;;;;;;;x
PROV1410;Labrynna Bay;;;;;;;;;;x
PROV1411;Breath River;;;;;;;;;;x
PROV1412;Breath River;;;;;;;;;;x
PROV1413;Breath River;;;;;;;;;;x
PROV1414;Breath River;;;;;;;;;;x
PROV1415;Breath River;;;;;;;;;;x
PROV1416;Breath River;;;;;;;;;;x
PROV1417;Breath River;;;;;;;;;;x
PROV1418;Breath River;;;;;;;;;;x
PROV1419;Breath River;;;;;;;;;;x
PROV1420;Breath River;;;;;;;;;;x
PROV1421;Breath River;;;;;;;;;;x
PROV1422;Breath River;;;;;;;;;;x
PROV1423;Great Castle Moat;;;;;;;;;;x
PROV1424;Breath River;;;;;;;;;;x
PROV1425;Breath River;;;;;;;;;;x
PROV1426;Breath River;;;;;;;;;;x
PROV1427;Breath River;;;;;;;;;;x
PROV1428;Breath River;;;;;;;;;;x
PROV1429;Breath River;;;;;;;;;;x
PROV1430;Breath River;;;;;;;;;;x
PROV1431;Breath River;;;;;;;;;;x
PROV1432;Breath River;;;;;;;;;;x
PROV1433;Breath River;;;;;;;;;;x
PROV1434;Breath River;;;;;;;;;;x
PROV1435;Breath River;;;;;;;;;;x
PROV1436;Breath River;;;;;;;;;;x
PROV1437;Breath River;;;;;;;;;;x
PROV1438;Breath River;;;;;;;;;;x
PROV1439;;;;;;;;;;;x
PROV1440;;;;;;;;;;;x
PROV1441;;;;;;;;;;;x
PROV1441;;;;;;;;;;;x
PROV1442;;;;;;;;;;;x
PROV1443;;;;;;;;;;;x
PROV1444;;;;;;;;;;;x
PROV1445;;;;;;;;;;;x
PROV1446;;;;;;;;;;;x
PROV1447;;;;;;;;;;;x
PROV1448;;;;;;;;;;;x
PROV1449;;;;;;;;;;;x
PROV1450;;;;;;;;;;;x
PROV1451;;;;;;;;;;;x
PROV1452;Sky Isles;;;;;;;;;;;x
PROV1453;Trial Island;;;;;;;;;;;x
PROV1454;Hinox Mountains;;;;;;;;;;;x
PROV1455;Garden Highlands;;;;;;;;;;;x
PROV1456;Silver Mountains;;;;;;;;;;;x
PROV1457;Palace Noir;;;;;;;;;;;x
PROV1458;Grimlands;;;;;;;;;;;x
PROV1459;Drabland Fortress;;;;;;;;;;;x
PROV1460;Margoma Forest;;;;;;;;;;;x
PROV1461;Riverlands;;;;;;;;;;;x
PROV1462;Infinity Dunes;;;;;;;;;;;x
PROV1463;Gibdo Ruins;;;;;;;;;;;x
PROV1464;Fab Arm;;;;;;;;;;;x
PROV1465;Hytopia;;;;;;;;;;;x
PROV1466;Gilded Gate;;;;;;;;;;;x
PROV1467;Silk Gate;;;;;;;;;;;x
PROV1468;Fabland Hills;;;;;;;;;;;x
PROV1469;Furia;;;;;;;;;;;x
PROV1470;Fabwood Eaves;;;;;;;;;;;x
PROV1471;Fabland Plains;;;;;;;;;;;x
PROV1472;Fabland Gate;;;;;;;;;;;x
PROV1473;Munab;;;;;;;;;;;x
PROV1474;Fasharia Vale;;;;;;;;;;;x
PROV1475;Fabland Road;;;;;;;;;;;x
PROV1476;Hytopia March;;;;;;;;;;;x
PROV1477;Howling Waste;;;;;;;;;;;x
PROV1478;Sword Dunes;;;;;;;;;;;x
PROV1479;Howling Sands;;;;;;;;;;;x
PROV1480;Todia;;;;;;;;;;;x
PROV1481;Takkurimakan;;;;;;;;;;;x
PROV1482;Tanuruma;;;;;;;;;;;x
PROV1483;Kussi;;;;;;;;;;;x
PROV1484;Cadosi;;;;;;;;;;;x
PROV1485;Lobnor;;;;;;;;;;;x
PROV1486;Tarimakan;;;;;;;;;;;x
PROV1487;Acinia;;;;;;;;;;;x
PROV1488;Zanukuni;;;;;;;;;;;x
PROV1489;Tochira;;;;;;;;;;;x
PROV1490;Zunashi;;;;;;;;;;;x
PROV1491;Pyramid of Power;;;;;;;;;;;x
PROV1492;Desert of Doubt;;;;;;;;;;;x
PROV1493;Zunaria;;;;;;;;;;;x
PROV1494;Wind Woods;;;;;;;;;;;x
PROV1495;Zunadin;;;;;;;;;;;x
PROV1496;Zunandria;;;;;;;;;;;x
PROV1497;Zunadad;;;;;;;;;;;x
PROV1498;Edinna;;;;;;;;;;;x
PROV1499;Pardesu;;;;;;;;;;;x
PROV1500;Tilmun;;;;;;;;;;;x
PROV1501;Armour Sands;;;;;;;;;;;x
PROV1502;Tsar Woods;;;;;;;;;;;x
PROV1503;Zunalon;;;;;;;;;;;x
PROV1504;Zunartu;;;;;;;;;;;x
PROV1505;Zunasa;;;;;;;;;;;x
PROV1506;Zunanbulac;;;;;;;;;;;x
PROV1507;Zunatana;;;;;;;;;;;x
PROV1508;Zunantion;;;;;;;;;;;x
PROV1509;Zunaza;;;;;;;;;;;x
PROV1510;Zunaten;;;;;;;;;;;x
PROV1511;Keatomo;;;;;;;;;;;x
PROV1512;Zunabal;;;;;;;;;;;x
PROV1513;Zunalmyra;;;;;;;;;;;x
PROV1514;Tower of Spirits;;;;;;;;;;;x
PROV1515;Spirit Castle;;;;;;;;;;;x
PROV1516;Trading Post;;;;;;;;;;;x
PROV1517;Aboda;;;;;;;;;;;x
PROV1518;Rabbitland;;;;;;;;;;;x
PROV1519;Forest Sanctuary;;;;;;;;;;;x
PROV1520;Whittleton;;;;;;;;;;;x
PROV1521;Castle Beach;;;;;;;;;;;x
PROV1522;Temple Forest;;;;;;;;;;;x
PROV1523;Snowville;;;;;;;;;;;x
PROV1524;Snow Sanctuary;;;;;;;;;;;x
PROV1525;Snowdrift;;;;;;;;;;;x
PROV1526;Snow Temple;;;;;;;;;;;x
PROV1527;Slippery;;;;;;;;;;;x
PROV1528;Wellspring;;;;;;;;;;;x
PROV1529;Bridgefield;;;;;;;;;;;x
PROV1530;Sand Sanctuary;;;;;;;;;;;x
PROV1531;Sandpoint;;;;;;;;;;;x
PROV1532;Sand Temple;;;;;;;;;;;x
PROV1533;Sand Valley;;;;;;;;;;;x
PROV1534;Sandgate;;;;;;;;;;;x
PROV1535;Sandcastle;;;;;;;;;;;x
PROV1536;Oceanfloor;;;;;;;;;;;x
PROV1537;Ocean Temple;;;;;;;;;;;x
PROV1538;Lost Island;;;;;;;;;;;x
PROV1539;Ocean Sanctuary;;;;;;;;;;;x
PROV1540;North Papuchia;;;;;;;;;;;x
PROV1541;South Papuchia;;;;;;;;;;;x
PROV1542;Ocean Fortress;;;;;;;;;;;x
PROV1543;Mountain Cliffs;;;;;;;;;;;x
PROV1544;Flame Gate;;;;;;;;;;;x
PROV1545;Target Range;;;;;;;;;;;x
PROV1546;Disorientation;;;;;;;;;;;x
PROV1547;Fire Sanctuary;;;;;;;;;;;x
PROV1548;Southmine;;;;;;;;;;;x
PROV1549;Darkore Mine;;;;;;;;;;;x
PROV1550;Earths End;;;;;;;;;;;x
PROV1551;Flame Temple;;;;;;;;;;;x
PROV1552;Flamepeak;;;;;;;;;;;x
PROV1553;Wave Island;;;;;;;;;;;x
PROV1554;Rupeepoint;;;;;;;;;;;x
PROV1555;Port Rupee;;;;;;;;;;;x
PROV1556;Rupee Gate;;;;;;;;;;;x
PROV1557;Rupeetown;;;;;;;;;;;x
PROV1558;Fort Rupee;;;;;;;;;;;x
PROV1559;Rupeefields;;;;;;;;;;;x
PROV1560;Rupee Palace;;;;;;;;;;;x
PROV1561;Tinglehome;;;;;;;;;;;x
PROV1562;Rupeemine;;;;;;;;;;;x
PROV1563;Rupee Beach;;;;;;;;;;;x
PROV1564;Sapphire Mines;;;;;;;;;;;x
PROV1565;North Paradise;;;;;;;;;;;x
PROV1566;South Paradise;;;;;;;;;;;x
PROV1567;Rupeeland Bridge;;;;;;;;;;;x
PROV1568;Rubybeach;;;;;;;;;;;x
PROV1569;Rubymine;;;;;;;;;;;x
PROV1570;Ruby Highlands;;;;;;;;;;;x
PROV1571;West Ruby Bridge;;;;;;;;;;;x
PROV1572;East Ruby Bridge;;;;;;;;;;;x
PROV1573;West Rubyfield;;;;;;;;;;;x
PROV1574;East Rubyfield;;;;;;;;;;;x
PROV1575;Tingleport;;;;;;;;;;;x
PROV1576;Tinglefield;;;;;;;;;;;x
PROV1577;Ruby Gate;;;;;;;;;;;x
PROV1578;West Emerald Field;;;;;;;;;;;x
PROV1579;East Emerald Field;;;;;;;;;;;x
PROV1580;North Emerald Field;;;;;;;;;;;x
PROV1581;Tingleton;;;;;;;;;;;x
PROV1582;Tinglewood;;;;;;;;;;;x
PROV1583;Rupeeland Gate;;;;;;;;;;;x
PROV1584;South Rupeewood;;;;;;;;;;;x
PROV1585;West Rupeewood;;;;;;;;;;;x
PROV1586;East Rupeewood;;;;;;;;;;;x
PROV1587;Rupee Island;;;;;;;;;;;x
PROV1588;Gem Island;;;;;;;;;;;x
PROV1589;Shard Island;;;;;;;;;;;x
PROV1590;Rupoor Island;;;;;;;;;;;x
PROV1591;Flotsam Island;;;;;;;;;;;x
PROV1592;Jetsam Island;;;;;;;;;;;x
PROV1593;Lagan Island;;;;;;;;;;;x
PROV1594;Ghost Island;;;;;;;;;;;x
PROV1595;Mer Island;;;;;;;;;;;x
PROV1596;Salvage Island;;;;;;;;;;;x
PROV1597;Pearl Island;;;;;;;;;;;x
PROV1598;Mani Island;;;;;;;;;;;x
PROV1599;Beryl Island;;;;;;;;;;;x
PROV1600;Jasper Island;;;;;;;;;;;x
PROV1601;Onyx Island;;;;;;;;;;;x
PROV1602;Gemmarch;;;;;;;;;;;x
PROV1603;Gemalia;;;;;;;;;;;x
PROV1604;Gemdevi Palace;;;;;;;;;;;x
PROV1605;Tower of Pearls;;;;;;;;;;;x
PROV1606;Gemdevi;;;;;;;;;;;x
PROV1607;Gemataka;;;;;;;;;;;x
PROV1608;Gemroad;;;;;;;;;;;x
PROV1609;Gemyalam;;;;;;;;;;;x
PROV1610;Berylpoor;;;;;;;;;;;x
PROV1611;Gemmani;;;;;;;;;;;x
PROV1612;Gemmari;;;;;;;;;;;x
PROV1613;Tower of Onyx;;;;;;;;;;;x
PROV1614;South Pearl Mountains;;;;;;;;;;;x
PROV1615;North Pearl Mountains;;;;;;;;;;;x
PROV1616;Tower of Gems;;;;;;;;;;;x
PROV1617;Gempaji;;;;;;;;;;;x
PROV1618;Gemil;;;;;;;;;;;x
PROV1619;North Gemdevi Jungle;;;;;;;;;;;x
PROV1620;South Gemdevi Jungle;;;;;;;;;;;x
PROV1621;Gates of Gemdevi;;;;;;;;;;;x
PROV1622;Tower of Rupees;;;;;;;;;;;x
PROV1623;Silvertower;;;;;;;;;;;x
PROV1624;Goldtower;;;;;;;;;;;x
PROV1625;Gemghati;;;;;;;;;;;x
PROV1626;Tower of Navaratna;;;;;;;;;;;x
PROV1627;Pandrupee;;;;;;;;;;;x
PROV1628;Gemdava;;;;;;;;;;;x
PROV1629;West Gemdava Jungle;;;;;;;;;;;x
PROV1630;East Gemdava Jungle;;;;;;;;;;;x
PROV1631;Gemagni;;;;;;;;;;;x
PROV1632;Gemajra;;;;;;;;;;;x
PROV1633;Diamond Tower;;;;;;;;;;;x
PROV1634;Diamond Port;;;;;;;;;;;x
PROV1635;Gemratna;;;;;;;;;;;x
PROV1636;Gempuri Palace;;;;;;;;;;;x
PROV1637;Gempuri;;;;;;;;;;;x
PROV1638;Vaidooryam;;;;;;;;;;;x
PROV1639;Niliam;;;;;;;;;;;x
PROV1640;Muktaphalam;;;;;;;;;;;x
PROV1641;Vajram;;;;;;;;;;;x
PROV1642;Pushparajam;;;;;;;;;;;x
PROV1643;Gempuri Gate;;;;;;;;;;;x
PROV1644;Vidrumam;;;;;;;;;;;x
PROV1645;Gomeda;;;;;;;;;;;x
PROV1646;Manikyam;;;;;;;;;;;x
PROV1647;Marakatam;;;;;;;;;;;x
PROV1648;East Gempuri Jungle;;;;;;;;;;;x
PROV1649;West Gempuri Jungle;;;;;;;;;;;x
PROV1650;East Gemjaya Jungle;;;;;;;;;;;x
PROV1651;West Gemjaya Jungle;;;;;;;;;;;x
PROV1652;Gemrajam;;;;;;;;;;;x
PROV1653;Gemjaya;;;;;;;;;;;x
PROV1654;Gem Mountain;;;;;;;;;;;x
PROV1655;Rupee Mountain;;;;;;;;;;;x
PROV1657;Gemjava;;;;;;;;;;;x
PROV1658;Gemjara;;;;;;;;;;;x
PROV1659;Rupeepuri;;;;;;;;;;;x
PROV1660;Rupeejaya;;;;;;;;;;;x
PROV1661;Rupeenoor;;;;;;;;;;;x
PROV1662;Gemvithi;;;;;;;;;;;x
PROV1663;Gemapana;;;;;;;;;;;x
PROV1664;Gempani;;;;;;;;;;;x
PROV1665;Gemhatta;;;;;;;;;;;x
PROV1666;Gemjanya;;;;;;;;;;;x
PROV1667;Fire Mountain;;;;;;;;;;;x
PROV1668;Geyser Hill;;;;;;;;;;;x
PROV1669;Fire Highlands;;;;;;;;;;;x
PROV1670;Magma Tunnels;;;;;;;;;;;x
PROV1671;Goron Caverns;;;;;;;;;;;x
PROV1672;Frost Mountain;;;;;;;;;;;x
PROV1673;Frosty Slopes;;;;;;;;;;;x
PROV1674;Anouki Estates;;;;;;;;;;;x
PROV1675;Frost Highlands;;;;;;;;;;;x
PROV1676;Frostpeaks;;;;;;;;;;;x
PROV1677;Crystal Caverns;;;;;;;;;;;x
PROV1678;Frostgate;;;;;;;;;;;x
PROV1679;Fang Mountains;;;;;;;;;;;x
PROV1680;Avalanche Pinnacle;;;;;;;;;;;x
PROV1681;Yookvales;;;;;;;;;;;x
PROV1682;Icepeak;;;;;;;;;;;x
PROV1683;Yookrock;;;;;;;;;;;x
PROV1684;Icicle Point;;;;;;;;;;;x
PROV1685;Frozen Bluffs;;;;;;;;;;;x
PROV1686;Ebonmines;;;;;;;;;;;x
PROV1687;Goldhills;;;;;;;;;;;x
PROV1688;Ebonport;;;;;;;;;;;x
PROV1689;Manatee Island;;;;;;;;;;;x
PROV1690;Kibobaza;;;;;;;;;;;x
PROV1691;Nakuri;;;;;;;;;;;x
PROV1692;Eldoja;;;;;;;;;;;x
PROV1693;Jubjoma;;;;;;;;;;;x
PROV1694;Obale;;;;;;;;;;;x
PROV1695;Nawhururu;;;;;;;;;;;x
PROV1696;Kichongo;;;;;;;;;;;x
PROV1697;Habindu;;;;;;;;;;;x
PROV1698;Mwakoba;;;;;;;;;;;x
PROV1699;Isongo;;;;;;;;;;;x
PROV1700;Mahatangu;;;;;;;;;;;x
PROV1701;Antanahana;;;;;;;;;;;x
PROV1702;Fisher Island;;;;;;;;;;;x
PROV1703;Coral Island;;;;;;;;;;;x
PROV1704;Yamaunza;;;;;;;;;;;x
PROV1705;Yamakabare;;;;;;;;;;;x
PROV1706;Yamayanga;;;;;;;;;;;x
PROV1707;Takamarundi;;;;;;;;;;;x
PROV1708;Kimbasosoo;;;;;;;;;;;x
PROV1709;Yamatingi;;;;;;;;;;;x
PROV1710;Lowassi;;;;;;;;;;;x
PROV1711;Nombokiki;;;;;;;;;;;x
PROV1712;Toribanu;;;;;;;;;;;x
PROV1713;Ikkabu;;;;;;;;;;;x
PROV1714;Oporoiti;;;;;;;;;;;x
PROV1715;Kinpobo;;;;;;;;;;;x
PROV1716;Tarra;;;;;;;;;;;x
PROV1717;Yemir;;;;;;;;;;;x
PROV1718;Hrava;;;;;;;;;;;x
PROV1719;Ixorra;;;;;;;;;;;x
PROV1720;Trogolya;;;;;;;;;;;x
PROV1721;Bannanetia;;;;;;;;;;;x
PROV1722;Sinakin;;;;;;;;;;;x
PROV1723;Alssawi;;;;;;;;;;;x
PROV1724;Tongola;;;;;;;;;;;x
PROV1725;East Bannan;;;;;;;;;;;x
PROV1726;Iassya;;;;;;;;;;;x
PROV1727;Tinqat;;;;;;;;;;;x
PROV1728;Ugiga;;;;;;;;;;;x
PROV1729;Isle of Reeds;;;;;;;;;;;x
PROV1730;Pharinx;;;;;;;;;;;x
PROV1731;Frostwoods;;;;;;;;;;;x
PROV1732;Dangla;;;;;;;;;;;x
PROV1733;Matama;;;;;;;;;;;x
PROV1734;Korex;;;;;;;;;;;x
PROV1735;Mile;;;;;;;;;;;x
PROV1736;Yalibela;;;;;;;;;;;x
PROV1737;Wakele;;;;;;;;;;;x
PROV1738;Anaxim;;;;;;;;;;;x
PROV1739;Barabre;;;;;;;;;;;x
PROV1740;Yondar;;;;;;;;;;;x
PROV1741;Cessella;;;;;;;;;;;x
PROV1742;Ikiran;;;;;;;;;;;x
PROV1743;Xamir;;;;;;;;;;;x
PROV1744;Sandrovil;;;;;;;;;;;x
PROV1745;Maskrawa;;;;;;;;;;;x
PROV1746;Camelltor;;;;;;;;;;;x
PROV1747;Norwam;;;;;;;;;;;x
PROV1748;Tabor;;;;;;;;;;;x
PROV1749;Lepre;;;;;;;;;;;x
PROV1750;Airtria;;;;;;;;;;;x
PROV1751;Aracha Waste;;;;;;;;;;;x
PROV1752;Moldarachia;;;;;;;;;;;x
PROV1753;Adda;;;;;;;;;;;x
PROV1754;Hrokia;;;;;;;;;;;x
PROV1755;Ampilia;;;;;;;;;;;x
PROV1756;Maul Wastes;;;;;;;;;;;x
PROV1757;Sirenia;;;;;;;;;;;x
PROV1758;Mermaid Islands;;;;;;;;;;;x
PROV1759;Mountains of the Dead;;;;;;;;;;;x
PROV1760;Monument Road;;;;;;;;;;;x
PROV1761;Monument Mountain;;;;;;;;;;;x
PROV1762;Obelisk Hill;;;;;;;;;;;x
PROV1763;Mount Maze;;;;;;;;;;;x
PROV1764;Remesis;;;;;;;;;;;x
PROV1765;Uxlor;;;;;;;;;;;x
PROV1766;Saiswan;;;;;;;;;;;x
PROV1767;Tepaset;;;;;;;;;;;x
PROV1768;Pyramidion;;;;;;;;;;;x
PROV1769;Jizza;;;;;;;;;;;x
PROV1770;Yazzir;;;;;;;;;;;x
PROV1771;Anubis Dunes;;;;;;;;;;;x
PROV1772;Anubisia;;;;;;;;;;;x
PROV1773;Moldormia;;;;;;;;;;;x
PROV1774;Geldmania;;;;;;;;;;;x
PROV1775;Pyramid Isle;;;;;;;;;;;x
PROV1776;Geruneia;;;;;;;;;;;x
PROV1777;Pisht;;;;;;;;;;;x
PROV1778;Phisamem;;;;;;;;;;;x
PROV1779;Sebeth;;;;;;;;;;;x
PROV1780;West Bannan;;;;;;;;;;;x
PROV1781;Fort Bannan;;;;;;;;;;;x
PROV1782;Bannan Valley;;;;;;;;;;;x
PROV1783;Bannan Gate;;;;;;;;;;;x
PROV1784;Zazia Hill;;;;;;;;;;;x
PROV1785;East Zazia;;;;;;;;;;;x
PROV1786;West Zazia;;;;;;;;;;;x
PROV1787;Cylosia;;;;;;;;;;;x
PROV1788;Gust Springs;;;;;;;;;;;x
PROV1789;Gust Highlands;;;;;;;;;;;x
PROV1790;Gustia;;;;;;;;;;;x
PROV1791;Mosax;;;;;;;;;;;x
PROV1792;Misir;;;;;;;;;;;x
PROV1793;Frogmesa;;;;;;;;;;;x
PROV1794;Sandstorm Waste;;;;;;;;;;;x
PROV1795;Dustville;;;;;;;;;;;x
PROV1796;Monsoonia;;;;;;;;;;;x
PROV1797;Cyclosia;;;;;;;;;;;x
PROV1798;Zephosia;;;;;;;;;;;x
PROV1799;Galeia;;;;;;;;;;;x
PROV1800;Mercay;;;;;;;;;;;x
PROV1801;Phantom Temple;;;;;;;;;;;x
PROV1802;Phantom Fields;;;;;;;;;;;x
PROV1803;Mercay Field;;;;;;;;;;;x
PROV1804;Mercay Valley;;;;;;;;;;;x
PROV1805;Phantom Valley;;;;;;;;;;;x
PROV1806;Phantom Gate;;;;;;;;;;;x
PROV1807;Molida Gate;;;;;;;;;;;x
PROV1808;Molida;;;;;;;;;;;x
PROV1809;Ember Mountains;;;;;;;;;;;x
PROV1810;Cannon Mountain;;;;;;;;;;;x
PROV1811;Spirit Mountains;;;;;;;;;;;x
PROV1812;Emberfields;;;;;;;;;;;x
PROV1813;Embermarch;;;;;;;;;;;x
PROV1814;Cannonvale;;;;;;;;;;;x
PROV1815;Cannonfield;;;;;;;;;;;x
PROV1816;Spiriton;;;;;;;;;;;x
PROV1817;Oshusia;;;;;;;;;;;x
PROV1818;Silverhills;;;;;;;;;;;x
PROV1819;Gold Mountain;;;;;;;;;;;x
PROV1820;Coppermines;;;;;;;;;;;x
PROV1821;Ivoria;;;;;;;;;;;x
PROV1822;Ivory Valley;;;;;;;;;;;x
PROV1823;Silverton;;;;;;;;;;;x
PROV1824;Silverfields;;;;;;;;;;;x
PROV1825;Grainton;;;;;;;;;;;x
PROV1826;Grainfields;;;;;;;;;;;x
PROV1827;Grainport;;;;;;;;;;;x
PROV1828;Grainaria;;;;;;;;;;;x
PROV1829;Ebonia;;;;;;;;;;;x
PROV1830;Ebony Valley;;;;;;;;;;;x
PROV1831;Copperfield;;;;;;;;;;;x
PROV1832;Bronzia;;;;;;;;;;;x
PROV1833;Goldfields;;;;;;;;;;;x
PROV1834;Goldia;;;;;;;;;;;x
PROV1835;Ivory City;;;;;;;;;;;x
PROV1836;Gyorgtooth Point;;;;;;;;;;;x
PROV1837;Lionwood;;;;;;;;;;;x
PROV1838;Roaring Jungles;;;;;;;;;;;x
PROV1839;Eabo;;;;;;;;;;;x
PROV1840;Lynaria;;;;;;;;;;;x
PROV1841;Lyport;;;;;;;;;;;x
PROV1842;Hunting Jungles;;;;;;;;;;;x
PROV1843;Tower of Truth;;;;;;;;;;;x
PROV1844;Icehead;;;;;;;;;;;x
PROV1845;Shatuno;;;;;;;;;;;x
PROV1846;Shakaun;;;;;;;;;;;x
PROV1847;Great Gate;;;;;;;;;;;x
PROV1848;Maku;;;;;;;;;;;x
PROV1849;South Comenia;;;;;;;;;;;x
PROV1850;Ranch Road;;;;;;;;;;;x
PROV1851;Horsetrack;;;;;;;;;;;x
PROV1852;Chateau Ranch;;;;;;;;;;;x
PROV1853;Cucco Fields;;;;;;;;;;;x
PROV1854Chikiro;;;;;;;;;;;x
PROV1855;Watchtower Field;;;;;;;;;;;x
PROV1856;Telescope Tower;;;;;;;;;;;x
PROV1857;Comenia Mansion;;;;;;;;;;;x
PROV1858;Night City;;;;;;;;;;;x
PROV1859;Comenia Gardens;;;;;;;;;;;x
PROV1860;Comenia Carnival;;;;;;;;;;;x
PROV1861;Comenia Market;;;;;;;;;;;x
PROV1862;Pirate Fortress;;;;;;;;;;;x
PROV1863;Great Beach Coast;;;;;;;;;;;x
PROV1864;Pearl Palace;;;;;;;;;;;x
PROV1865;Great Beach Pier;;;;;;;;;;;x
PROV1866;Great Beach Fort;;;;;;;;;;;x
PROV1867;Waterfall Rapids;;;;;;;;;;;x
PROV1868;Hatchling Island;;;;;;;;;;;x
PROV1869;Wavebreak Island;;;;;;;;;;;x
PROV1870;Lighthouse Rock;;;;;;;;;;;x
PROV1871;Zora Haven;;;;;;;;;;;x
PROV1872;Lookout Islands;;;;;;;;;;;x
PROV1873;Mother and Child Islands;;;;;;;;;;;x
PROV1874;Seaspray Cliffs;;;;;;;;;;;x
PROV1875;Gyorg Temple;;;;;;;;;;;x
PROV1876;Geozard Island;;;;;;;;;;;x
PROV1877;Tempest Island;;;;;;;;;;;x
PROV1878;Icehead Gate;;;;;;;;;;;x
PROV1879;Icehead Vale;;;;;;;;;;;x
PROV1880;Icehead Pass;;;;;;;;;;;x
PROV1881;Icehead Road;;;;;;;;;;;x
PROV1882;Frosthead;;;;;;;;;;;x
PROV1883;Frosthead Shrine;;;;;;;;;;;x
PROV1884;Marshport;;;;;;;;;;;x
PROV1885;Marshwood;;;;;;;;;;;x
PROV1886;Marshbridge;;;;;;;;;;;x
PROV1887;Octorock Wetlands;;;;;;;;;;;x
PROV1888;Gekko Swamp;;;;;;;;;;;x
PROV1889;Swamp Fortress;;;;;;;;;;;x
PROV1890;Swamphall;;;;;;;;;;;x
PROV1891;Hiploop Mires;;;;;;;;;;;x
PROV1892;Swampgate;;;;;;;;;;;x
PROV1893;Swamp Canals;;;;;;;;;;;x
PROV1894;Swamphall Temple;;;;;;;;;;;x
PROV1895;Snapper Marshes;;;;;;;;;;;x
PROV1896;Dragonfly Bog;;;;;;;;;;;x
PROV1897;Woods of Wonder;;;;;;;;;;;x
PROV1898;Woodfalls;;;;;;;;;;;x
PROV1899;Rivermarsh;;;;;;;;;;;x
PROV1900;Eeno Cliffs;;;;;;;;;;;x
PROV1901;Freezard Caverns;;;;;;;;;;;x
PROV1902;Tsar Mountain;;;;;;;;;;;x
PROV1903;Battle Plains;;;;;;;;;;;x
PROV1904;Maple;;;;;;;;;;;x
PROV1905;Trying Sands;;;;;;;;;;;x
PROV1906;Syrup;;;;;;;;;;;x
PROV1907;Armorica;;;;;;;;;;;x
PROV1908;Treya Slope;;;;;;;;;;;x
PROV1909;Scrub Swamp;;;;;;;;;;;x
PROV1910;Revealing Dunes;;;;;;;;;;;x
PROV1911;Slaughter Slope;;;;;;;;;;;x
PROV1912;Flame Peak;;;;;;;;;;;;x
PROV1913;Dry Slope;;;;;;;;;;;x
PROV1914;Tower of Hera;;;;;;;;;;;x
PROV1915;Antlion Pits;;;;;;;;;;;x
PROV1916;Phalanx Waste;;;;;;;;;;;x
PROV1917;Wizzrobe Wastes;;;;;;;;;;;x
PROV1918;Judicar's Grounds;;;;;;;;;;;x
PROV1919;Nejiron Cliffs;;;;;;;;;;;x
PROV1920;Sheikana Gate;;;;;;;;;;;x
PROV1921;Sheikana Canyon;;;;;;;;;;;x
PROV1922;Sheikana River;;;;;;;;;;;x
PROV1923;Theifden;;;;;;;;;;;x
PROV1924;Sheikana Road;;;;;;;;;;;x
PROV1925;Sheikana Graveyards;;;;;;;;;;;x
PROV1926;Sheikana Valley;;;;;;;;;;;x
PROV1927;Sheikana Training Fields;;;;;;;;;;;x
PROV1928;Sheikana Catacombs;;;;;;;;;;;x
PROV1929;Sheikana Castle;;;;;;;;;;;x
PROV1930;Sheikana Cliffs;;;;;;;;;;;x
PROV1931;Labyrinth Canyons;;;;;;;;;;;x
PROV1932;Sheikahria Gate;;;;;;;;;;;x
PROV1933;Cliffside Shrines;;;;;;;;;;;x
PROV1934;Sheikahria Road;;;;;;;;;;;x
PROV1935;Sheikahria Monestary;;;;;;;;;;;x
PROV1936;Sheikahria Canyon;;;;;;;;;;;x
PROV1937;Temple Valley;;;;;;;;;;;x
PROV1938;Sheikariko;;;;;;;;;;;x
PROV1939;Sheikariko Harbor;;;;;;;;;;;x
PROV1940;Sheikariko Road;;;;;;;;;;;x
PROV1941;Factory Vale;;;;;;;;;;;x
PROV1942;Sheikariko Shipyard;;;;;;;;;;;x
PROV1943;Guarded Valley;;;;;;;;;;;x
PROV1944;Sheikrila;;;;;;;;;;;x
PROV1945;Sheikrila Haven;;;;;;;;;;;x
PROV1946;Legion's Founding;;;;;;;;;;;x
PROV1947;Northern Pass;;;;;;;;;;;x
PROV1948;Viapa;;;;;;;;;;;x
PROV1949;Skulltula Woods;;;;;;;;;;;x
PROV1950;Deppi Woods;;;;;;;;;;;x
PROV1951;;;;;;;;;;;;x
PROV1952;Bori;;;;;;;;;;;x
PROV1953;Zaroc;;;;;;;;;;;x
PROV1954;Alilu;;;;;;;;;;;x
PROV1955;Singing Slope;;;;;;;;;;;x
PROV1956;Zennen;;;;;;;;;;;x
PROV1957;Eldin Mountain;;;;;;;;;;;x
PROV1958;Teck;;;;;;;;;;;x
PROV1959;Eldin Mountain;;;;;;;;;;;x
PROV1960;Zora Mountain;;;;;;;;;;;x
PROV1961;Edora Mountain;;;;;;;;;;;;x
PROV1962;Snow Mountains;;;;;;;;;;;;x
PROV1963;Way Way Mountain;;;;;;;;;;;;x
PROV1964;Ruto Mountain;;;;;;;;;;;;x
PROV1965;Saria Mountain;;;;;;;;;;;;x
PROV1966;;;;;;;;;;;;;x
PROV1967;River Mountain;;;;;;;;;;;;x
PROV1968;Way Way Mountain;;;;;;;;;;;;x
PROV1969;Witch Mountains;;;;;;;;;;;x
PROV1970;Gerudo Desert;;;;;;;;;;;x
PROV1971;Great Plateau;;;;;;;;;;;x
PROV1972;Malanya;;;;;;;;;;;x
PROV1973;Zonai;;;;;;;;;;;x
PROV1974;Palmorya;;;;;;;;;;;x
PROV1975;Necluda;;;;;;;;;;;x
PROV1976;Akkala;;;;;;;;;;;x
PROV1977;Ployamus;;;;;;;;;;;x
PROV1978;Woodland;;;;;;;;;;;x
PROV1979;Hateno;;;;;;;;;;;x
PROV1980;Hebra;;;;;;;;;;;x
PROV1981;Tabantha;;;;;;;;;;;x
PROV1982;Gortram;;;;;;;;;;;x
PROV1983;Ridgeland;;;;;;;;;;;x
PROV1984;Gerudo Highlands;;;;;;;;;;;x
PROV1985;Subasa Mountain;;;;;;;;;;;x
PROV1985;Subasa Mountain;;;;;;;;;;;x
PROV1986;Mount Tolemac;;;;;;;;;;;x
PROV1987;Hyrule Mountains;;;;;;;;;;;x
PROV1988;Way Way Mountain;;;;;;;;;;;x
PROV1989;Way Way Mountain;;;;;;;;;;;x
PROV1990;Hytopia Mountains;;;;;;;;;;;x
PROV1991;Labrynna Mountains;;;;;;;;;;;x
PROV1992;Ordia Mountain;;;;;;;;;;;x
PROV1993;Death Mountain;;;;;;;;;;;x
PROV1994;Hyrule Mountain;;;;;;;;;;;x
PROV1995;Hylia Mountains;;;;;;;;;;;x
PROV1996;Hylia Mountains;;;;;;;;;;;x
PROV1997;Desert of Mystery;;;;;;;;;;;x
PROV1998;Decimating Desert;;;;;;;;;;;x
PROV1999;Eldin Mountain;;;;;;;;;;;x
PROV2000;Eldin Mountain;;;;;;;;;;;x
PROV2001;Keatonia Mountain;;;;;;;;;;;x
PROV2002;Wind Mountain;;;;;;;;;;;x
PROV2003;Sheikana Mountain;;;;;;;;;;;x
PROV2004;Comenia Mountain;;;;;;;;;;;x
PROV2005;Seaside Mountain;;;;;;;;;;;x
PROV2006;Icehead Mountain;;;;;;;;;;;x
PROV2007;Icehead Mountain;;;;;;;;;;;x
PROV2008;Koridai Mountain;;;;;;;;;;;x
PROV2009;SHeikariko Mountain;;;;;;;;;;;x