#CODE;ENGLISH;FRENCH;GERMAN;;SPANISH;;;;;;;;;x 
goddesses_religion;Goddesses;Deesses;Goddesses;;Diosas;;;;;;;;;x
golden_goddesses;Golden Goddesses;Déesses D'or;;Goldene Göttinnen;Diosas De Oro;;;;;;;;;x
golden_goddesses_DESC;Worshippers of Golden Goddesses hold Din, creator of the world, Nayru, creator of law , Farore, creator of all life, above all other gods.;Adorateurs de déesses d'or détiennent Din , créateur du monde , Nayru , créateur de droit , Farore , créateur de toute vie , au-dessus de tous les autres dieux.;Die Gläubigen von Golden Göttinnen halten Din , Schöpfer der Welt , Nayru , Schöpfer des Rechts, Farore , Schöpfer allen Lebens , über alle anderen Götter.;;Los adoradores de diosas de oro tienen Din, creador del mundo , Nayru , creador de derecho, Farore , creador de toda vida, por encima de todos los demás dioses.;;;;;;;;;x
GODDESSES_SONG;Goddesses' Song;Song Déesses;Goddesses 'Song;;Canción diosas ';;;;;;;;;x
GOD_GODDESSES;Goddesses;Deesses;Goddesses;;Diosas;;;;;;;;;x
GOD_DIN;Din;Din;Din;;Din;;;;;;;;;x
GOD_NAYRU;Nayru;Nayru;Nayru;;Nayru;;;;;;;;;x
GOD_FARORE;Farore;Farore;Farore;;Farore;;;;;;;;;x
light_spirits;Light Spirits;Esprits Legers;Lichtgeister;;Espiritus de Luz;;;;;;;;;x
light_spirits_DESC;The Light Spirits are the 4 guardian spirits of Hyrule, Eldin, Faron, Lanaro, and Ordona who deffended the Triforce and Hyrule against the Dark Interlopers during the Era of Chaos;Les Esprits légers sont les 4 esprits gardiens de Hyrule , Eldin , Faron , Lanaro et Ordona qui deffended la Triforce et Hyrule contre les intrus sombres pendant l'ère du Chaos.;Das Licht Spirits sind die 4 Schutzgeister von Hyrule , Eldin , Faron , Lanaro und Ordona , die das Triforce und Hyrule gegen die dunklen Eindringlinge während der Ära des Chaos deffended.;;Los Espíritus de luz son los 4 espíritus guardianes de Hyrule , Eldin , Faron , Lanaro y Ordona que deffended la Trifuerza y Hyrule contra los intrusos oscuras durante la Era del Caos.;;;;;;;;;x
light_war;Light War;War Light;Licht War;;Guerra Luz;;;;;;;;;x
SPIRIT_ORDONA;Ordona;Ordona;Ordona;;Ordona;;;;;;;;x
SPIRIT_ELDIN;Eldin;Eldin;Eldin;;Eldin;;;;;;;;x
SPIRIT_FARON;Faron;Faron;Faron;;Faron;;;;;;;;x
SPIRIT_LANARYRU;Lanaryu;Lanaryu;Lanaryu;;Lanaryu;;;;;;;;;x
light_force;Light Force;Force Light;Light Force;;Fuerza de la Luz;;;;;;;;;x
light_force_DESC;The Light Force is a form of life force found in every single non-monster. Followers seek to keep their own life force pure by abstaining from violence. Clergy of your religion respect high Light Force and upon death it is added to your score.;La Force Light est une forme de force de vie trouvé dans tous les non - monstre unique . Abonnements cherchent à garder leur propre force de vie pure par l'abstention de la violence.;Die Light Force ist eine Form der Lebenskraft in jedem einzelnen nicht- Monster gefunden. Anhänger versuchen, ihre eigenen Lebenskraft rein durch den Verzicht auf Gewalt zu halten.;;La Fuerza de la Luz es una forma de energía vital que se encuentra en cada uno de no- monstruo. Seguidores tratan de mantener su propia fuerza de vida pura absteniéndose de la violencia.;;;;;;;;;;x
STAT_PIETY_DESC_LIGHT_FORCE;The Light Force is a form of life force found in every single non-monster. Followers seek to keep their own life force pure by abstaining from violence. Clergy of your religion respect high Light Force and upon death it is added to your score.;La Force Light est une forme de force de vie trouvé dans tous les non - monstre unique . Abonnements cherchent à garder leur propre force de vie pure par l'abstention de la violence.;Die Light Force ist eine Form der Lebenskraft in jedem einzelnen nicht- Monster gefunden. Anhänger versuchen, ihre eigenen Lebenskraft rein durch den Verzicht auf Gewalt zu halten.;;La Fuerza de la Luz es una forma de energía vital que se encuentra en cada uno de no- monstruo. Seguidores tratan de mantener su propia fuerza de vida pura absteniéndose de la violencia.;;;;;;;;;;x
MONTHLY_PIETY_LIGHT_FORCE;Light Force;;;;;;;;;;;;;;;x
LIGHT_LEGEND;Bounding War;Guerre de Délimitation;Bounding War;;Guerra Delimitador;;;;;;;;;;x
purity;Purity;Purete;Reinheit;;Pureza;;;;;;;;x
GOD_LIGHT_FORCE;Light Force;Force Light;Light Force;;Fuerza de la Luz;;;;;;;;;x
celestial_signs;Celestial Signs;;;;;;;;;;;;x#translate
celestial_signs_DESC;An early offshoot of the golden Goddess religion the celestial signs followers view the Triforce as little more than a myth, placing importance on the 7 stone tablets that protect Tolmec.;;;;;;;;;;;;x#translate
gamelon_rod;Gamelon;;;;;;;;;x
gamelon_rod_DESC;The Local religion of the Gamelon island. Worshipers believe that the Wand of Gamelon is the most important artifact created by the Goddesses.;;;;;;;;;x
GOD_GAMELON;Gamelon;;;;;;;;;x
GAMELON_ROD;Wand of Gamelon;;;;;;;;;x
heavenly_goddesses;Heavenly Goddesses;;;;;;;;;;;;x#translate
heavenly_goddesses_DESC;The Hanman branch of the Golden Goddesses followers reject any notion of a governing body for Goddesses worship. Followers believe in obtaining perfection in this life and the Heavenly Ground through meditation and contemplation.;;;;;;;;;x
western_goddesses;Trinity Goddesses;;;;;;;;;x
western_goddesses_DESC;The Trinity Goddesses are the Cobble branch of Golden Goddesses, which split within the first decade of the rise of Golden Goddesses worship. The Trinity Goddess worship is almost identical to that of their Hyrulean branch but for one key difference the Trinity Goddesses believe that the religion should be controlled by one single individual.;;;;;;;;;x
gem_goddesses;Gem Goddesses;;;;;;;;;;;;x#translate
gem_goddesses_DESC;A Gemland branch of the Golden Goddesses they hold that the true triforce, which is made of three types of gems, is located deep to the south in the inhabitable Ruppee land.;;;;;;;;;;;;x#translate
first_hero;First Hero;Premier Heros;Erste Held;;Primer Heroe;;;;;;;;;;x
first_hero_DESC;The first hero was the first to wield the power of light and defeat the monstrous hordes, allowing the formation of Hyrule.;Le premier héros fut le premier à exercer le pouvoir de la lumière et de vaincre les hordes monstrueuses , permettant la formation d'Hyrule.;Der erste Held war der Erste, der die Kraft des Lichts schwingen und besiege die monströsen Horden , die die Bildung von Hyrule.;;El primer héroe fue el primero en ejercer el poder de la luz y derrotar a las hordas monstruosas , permitiendo la formación de Hyrule.;;;;;;;;x
THE_HEROS_LEGEND;The Hero's Legend;La Legende des Heros;Helden Legend;;La Leyenda del Heroe;;;;;;;;;x
GOD_FIRST_HERO;First Hero;Premier Heros;Erste Held;;Primer Heroe;;;;;;;;;x
guardian_religion;Guardian;Tuteur;Wachter;;Guardian;;;;;;;;;;x
guardian_religion_DESC;The Guardian is a series of statues spread through out the world. Who he is is unknown, but despite the name being lost the figure's legend has not. The legend varies, but what is known is that the figure saved the region from a various threats.;The Guardian est une série de statues réparties à travers le monde . Qui est-il est inconnu, mais malgré le nom étant perdu la légende de la figure n'a pas . La légende varie , mais ce qui est connu est que le chiffre enregistré la région à partir d'un diverses menaces.;The Guardian ist eine Reihe von Statuen durch die Welt zu verbreiten. Wer er ist , ist unbekannt , aber trotz der Name verloren der Figur Legende nicht . Die Legende ist unterschiedlich, aber was bekannt ist , dass die Zahl rettete die Region aus einem verschiedenen Bedrohungen.;;The Guardian es una serie de estatuas repartidas en todo el mundo. Quién es es desconocido , pero a pesar del nombre se pierde la leyenda de la figura no tiene . La leyenda varía , pero lo que sí se sabe es que la cifra salvó la región desde unos diversas amenazas.;;;;;;;;;;x
GUARDIAN_SAGA;Guardian's Saga;La Saga de Guardian;Guardian Saga;;Saga de Guardian;;;;;;;;;x
GOD_GUARDIAN;Guardian;Guardian;Wachter;;Guardian;;;;;;;;;;x
hylia_religion;Hylia;Hylia;Hylia;;Hylia;;;;;;;;;x
hylia_religion_DESC;Hylia was the guardian deity of humans. During the end of the Hylia Era and begining of the Sky Era Hylia sacrificed her divinity to seal away the demon Demise and protect the few remaining humans.;Hylia était la divinité gardienne des humains . Au cours de la fin de l'ère Hylia et début de l' ère Sky Hylia sacrifié sa divinité pour sceller l'écart de la disparition de démon et protéger les quelques humains restants.;Hylia war die Hütergottheit der Menschen. Während Ende der Hylia Era und Anfang des Sky Era Hylia geopfert ihre Göttlichkeit zu versiegeln weg den Dämon Demise und zum Schutz der wenigen verbliebenen Menschen.;;Hylia era la deidad guardiana de los seres humanos. Durante el final de la Era Hylia y principio del Cielo era Hylia sacrificado su divinidad para sellar lejos del Demise demonio y proteger los pocos humanos que quedan.;;;;;;;;;x
SACRED_SONG;Sacred Songs;Sacred Songs;Sacred Songs;;Sacred Songs;;;;;;;;;x
GOD_HYLIA;Hylia;Hylia;Hylia;;Hylia;;;;;;;;;x
God_GODDESS;Goddess;Deesse;Gottin;;Diosa;;;;;;;;;x
GOD_LEVIAS;Levias;Levias;Levias;;Levias;;;;;;;;;x
DRAGON_ELDIN;Eldin;Eldin;Eldin;;Eldin;;;;;;;;;x
DRAGON_FARON;Faron;Faron;Faron;;Faron;;;;;;;;;x
DRAGON_LANAYRU;Lanayru;Lanayru;Lanayru;;Lanayru;;;;;;;;;x
three_dragons;Three Dragons;Three Dragons;Three Dragons;;Three Dragons;;;;;;;;;x
three_dragons_DESC;The three dragon religion worships the dragons, Lanayru, Faron, and Eldin, the generals during the Ancient Battles and guardians of Hylia Era Hyrule.;Les trois religions du dragon vénère les dragons , Lanayru , Faron , et Eldin , les généraux pendant les batailles et les gardiens de Hylia Era Hyrule anciennes ;Die drei Drachen Religionen verehrt die Drachen , Lanayru , Faron und Eldin , die Generäle in den Ancient Battles und Hüter Hylia Era Hyrule .;;Las tres religiones dragón adora los dragones, Lanayru , Faron y Eldin , los generales en batalla y tutores de Hylia Era Hyrule antiguas .;;;;;;;;;x
GOD_DEMISE;Demise;Demise;Demise;;Demise;;;;;;;;;x
levias_religion;Levias;Levias;Levias;;Levias;;;;;;;;;x
levias_religion_DESC;Levias was the guardian deity Skyloft, the sanctuary of the Hylians during the Sky Era.;Levias était la divinité gardienne Skyloft , le sanctuaire des Hyliens pendant l'ère Sky .;Levias war der Schutzgott Skyloft , das Heiligtum der Hylianer während der Sky Era .;;Levias era la deidad guardiana Skyloft , el santuario de los Hylians durante el Cielo Era.;;;;;;;;;;x
sheikahism;Sheikahism;Sheikahism;Sheikahism;;Sheikahism;;;;;;;x
sheikahism_DESC;Sheikahism is an amalgamation of modern Goddesses worship and Hylia worship. Followers believe that Hylia while no longer divine is reincarnated ever few generations and that is their duty to continue serving the goddess reborn.;Sheikahism est un amalgame de déesses culte moderne et Hylia culte. Adeptes croient que tout Hylia plus divine se réincarne jamais autre génération.;Sheikahism est un amalgame de déesses culte moderne et Hylia culte. Adeptes croient que tout Hylia plus divine se réincarne jamais autre génération.;;Sheikahism es una amalgama de diosas adoración moderna y adoración Hylia . Seguidores creen que Hylia aunque ya no divina se reencarna cada vez otra generación.;;;;;;;;;x
GOD_ROYAL;Royal Family;Famille Royale;Königliche Familie;;Familia Real;;;;;;;;;;x
GOD_HYLIA_REBORN;Hylia Reborn;Hylia Reborn;Hylia Reborn;;Hylia Renacer;;;;;;;;;x
sheikahism_nihalism;Rejectionist;;;;;;;;;;;;x#translate
sheikahism_nihalism_DESC;A heresy of Sheikahism that states that the goddess Hylia lied about her reincarnation.;;;;;;;;;;;;x#translate
guardian_deity;Guardian Deities;Gardiens Divinités;Schutzgottheiten;;Deidades Guardianes;;;;;;;;;;x
water_spirit;Water Spirits;;;;;;;;;;x
water_spirit_DESC;The water spirit religion is wide and varried the worshippers revears the fae being that inhabit rivers, lakes, and oceans. Though no specific being is worshipped.;;;;;;;;;;x
GOD_WATER_SPIRITS;Water Spirits;;;;;;;;;;x
jabu_jabu;Jabu Jabu;Jabu Jabu;Jabu Jabu;;Jabu Jabu;;;;;;;;;;x
jabu_jabu_DESC;Jabu Jabu is the guardian deity of the Zora, taking the form of a giant whale like creature. It is believed that Jabu Jabu brings fortune to his followers and protects them while they are near the water.;Jabu Jabu est la divinité gardienne de la Zora , prenant la forme d'une baleine géante comme la créature . On croit que Jabu Jabu apporte la fortune à ses disciples et les protège alors qu'ils sont près de l'eau .;Jabu Jabu ist die Hütergottheit der Zora , die die Form eines riesigen Wals ähnliche Kreatur . Es wird angenommen, dass Jabu Jabu bringt Glück, seine Anhänger und schützt sie, während sie in der Nähe des Wassers sind .;;Jabu Jabu es la deidad guardiana de los Zora , tomando la forma de una ballena gigante como criatura . Se cree que Jabu Jabu trae fortuna a sus seguidores y les protege mientras están cerca del agua.;;;;;;;;;x
SERENADE_WATER;Serenade of Water;Serenade de l'Eau;Serenade of Water;;Serenata del Agua;;;;;x
GOD_LORD_JABU;Lord Jabu;Seigneur Jabu;Herr Jabu;;Herr Jabu;;;;;;;;;x
GOD_JABU_JABU;Jabu Jabu;Jabu Jabu;Jabu Jabu;;Jabu Jabu;;;;;;;;;x
jabun_religion;Jabun;Jabun;Jabun;;Jabun;;;;;;;;;x
jabun_religion_DESC;Jabun is the son of Jabu Jabu and takes the form of a giant angler fish. He guides those lost in fogs with his lantern.;;Jabun est le fils de Jabu Jabu et prend la forme d'un poisson pêcheur géant. Il guide ceux perdus dans le brouillard avec sa lanterne .;Jabun ist der Sohn von Jabu Jabu und hat die Form eines riesigen Seeteufel . Er führt die in Nebel mit seiner Laterne verloren .;;Jabun es el hijo de Jabu Jabu y toma la forma de un pez gigante pescador . Él guía a los que se perdieron en la niebla con su linterna .;;;;;;;;;x
GOD_JABUN;Jabun;Jabun;Jabun;;Jabu;;;;;;;;;x
valoo_religion;Valoo;Valoo;Valoo;;Valoo;;;;;;;;;x
valoo_religion_DESC;Valoo is a dragon deity, while choosing no specific race to guard he defends those that choose to worship him no matter their location.;Valoo est une divinité de dragon, tout en choisissant pas de race spécifique à garder il défend ceux qui choisissent de l'adorer , peu importe leur emplacement .;Valoo ist ein Drache Gottheit , bei der Auswahl keine spezifische Rasse zu bewachen verteidigt er diejenigen, die ihn anbeten, unabhängig von ihrem Standort zu wählen.;;Valoo es una deidad dragón, mientras que la elección ninguna raza específica para proteger defiende los que eligen a adorarlo sin importar su ubicación.;;;;;;;;;x
VALOO_SONG;Valoo's Song;Song Valoo;Valoo Lied;;Canción de Valoo;;;;;;;;;x
GOD_VALOO;Valoo;Valoo;Valoo;;Valoo;;;;;;;;;x
great_deku;Great Deku Tree;Grand Arbre Deku;Deku-Baum;;Gran Árbol Deku;;;;;;;;x
great_deku_DESC;The Great Deku tree is the guardian deity of the Lost, Deku, and Kokiri woods. It is said that he sends fairies to protect is most favourite children.;L'arbre Deku Grande est la divinité gardienne des bois perdu, Deku , et Kokiri . Il est dit qu'il envoie fées pour protéger les enfants les plus préférés est .;Der Deku-Baum ist die Hütergottheit der Verlorenen , Deku und Kokiri Wald. Es wird gesagt, dass er Feen zu schützen beliebtesten Kinder sendet .;;El árbol Gran Deku es la deidad guardiana de los bosques perdidos , Deku , y Kokiri . Se dice que él envía hadas para proteger a los niños es más favorito .;;;;;;;;;x
DEKU_SONG;Deku's Song;Song Deku;Deku- Lied;;la canción de Deku;;;;;;;;;x
GOD_GREAT_DEKU_TREE;Great Deku Tree;Grand Arbre Deku;Deku-Baum;;Gran Árbol Deku;;;;;;;;;x
GOD_GREAT_DEKU_SAPLING;Great Deku Sapling;Grande Deku Arbrisseau;Deku Sapling;;Gran Deku Pimpollo;;;;;;;;;;x
GOD_GREAT_DEKU_SEED;Great Deku Seed;Grande semences Deku;Deku- Seed;;Gran Semillas Deku;;;;;;;;;x
great_maku;Great Maku;grande Maku;große Maku;;Gran Maku;;;;;;;;;x
great_maku_DESC;The Great Maku trees are the guardian deities of Labrynna and Holodrum.;Les Grands arbres Maku sont les divinités gardiennes de Labrynna et Holodrum .;Die großen Bäume Maku sind die Hütergottheiten der Labrynna und Holodrum .;;Los árboles Gran Makú son las deidades guardianes de Labrynna y Holodrum .;;;;;;;;;x
MAKU_SONG;Maku's Duet;Duet de Maku;Maku von Duet;;Dúo de Maku;;;;;;;;;;x
GREAT_MAKU_TREE;Great Maku Tree;Grand Arbre Maku;Maku-Baum;;Gran Arbol;Maku;;;;;;;;;x
GREAT_MAKU_SAPLING;Great Maku Sappling;Grande Maku Arbriss;Maku Sapling;;Gran Maku Pimpollo;;;;;;;;;x
GOD_GREAT_MAKU_SEED;Great Maku Seed;Grande semences Maku;Maku-See;;Gran Semillas Maku;;;;;;;;;x
seasons_religion;Spirit of Seasons;;;;;;;;;x
seasons_religion_desc;The spirits of season are said to be being that control the seasons and aid those touched by the gods.;;;;;;;;;x
oracles_religion;Oracles;;;;;;;;;x
oracles_religion_desc;The Oracle cult is originally a sub-group of Maku worshippers gifted with visions of the future and current events. Some however have taken to worshipping these oracles as goddesses.;;;;;;;;;;;x
tuni_nut;Tuni Nut;;;;;;;;;x
tuni_nut_desc;The Tuni Nut is a mysterious seed that is said to have been created by the first Maku to maintain balance between the monsters of the south and the goddesses' creations.;;;;;;;;;;;;;;x
MYSTIC;Mystic;;;;;;;;;x
GOD_SEASON_SPIRITS;Spirits of Seasons;;;;;;;;;x
GOD_WINTER;Winter Spirit;;;;;;;;;x
GOD_SPRING;Spring Spirit;;;;;;;;;x
GOD_AUTUMN;Autumn Spirit;;;;;;;;;x
GOD_SUMMER;Summer Spirit;;;;;;;;;x
ROD_OF_SEASONS;Rod of Seasons;;;;;;;;;x
GOD_ORACLES;Oracles;;;;;;;;;x
GOD_TUNI_NUT;Tuni Nut;;;;;;;;;x
earth_spirits;Earth Spirits;;;;;;;;;x#translate
earth_spirits_DESC;The Earth Spirits are a loose collection of beliefs that worship various entities that are connected to the earth.;;;;;;;;;;;;x
GOD_EARTH_SPIRIT;Earth Spirits;;;;;;;;;;x#translate
EARTH_LYRIC;Earth Spirits' Lyric;;;;;;;;;x#translate
mother_mountain;Mountain Mother;montagne Mère;Berg Mutter;;Sierra Madre;;;;;;;;;x
MOTHERS_MERCY;Mother's Mercy;La Miséricorde de Mère;Muttertag Mercy;;Misericordia de la Madre;;;;;;;;;x
GOD_MOUNTAIN_GODDESS;Mountain Goddess;montagne Déesse;Berg Goddess;;Montaña Diosa;;;;;;;;;x
GOD_MOTHER_MOUNTAIN;Mother Mountain;montagne Mere;Berg Mutter;;Sierra Madre;;;;;;;;;x
mother_mountain_DESC;The Mountain Goddess is an enigmatic deity inhabiting the Realm of Fire. While generally not interacting with her worshippers during times of crisis the goddess will lend aid.;La Déesse Montagne est une divinité énigmatique habitant le Royaume de Feu . Bien que généralement pas interagir avec ses adorateurs en temps de crise la déesse prêtera aide.;The Mountain Göttin ist eine rätselhafte Gottheit bewohnen die Realm of Fire . Während in der Regel nicht mit ihrer Anbeter in Krisenzeiten die Interaktion die Göttin wird Hilfe zu leihen.;;La diosa de la montaña es una deidad enigmática habitar el reino de Fuego. Aunque generalmente no interactúan con sus fieles en tiempos de crisis la diosa prestará ayuda .;;;;;;;;;;x
minor_deity;Minor Deities;divinité mineure;Minor Gottheit;;Deidad Menor;;;;;;;;;;x
great_fairies;Great Fairies;grands Fées;große Fairies;;Grandes Hadas;;;;;;;;;x
great_fairies_DESC;Great Fairies are magical being known for healing those that they deem worthy.;Grands Fées sont magiques étant connu pour la guérison de ceux qu'ils jugent dignes .;Große Feen sind magisch ist für die Heilung diejenigen, die sie würdig erachten bekannt.;;Grandes Hadas son mágicos ser conocido para la curación de las personas que consideren dignos .;;;;;;;;;x
FAIRY_SONG;Fairy SOng;Fée chanson;;Fee -Lied;Hada canción;;;;;;;;;x
GOD_GREAT_FAIRY_QUEEN;Fairy Queen;Fairy Queen;Fairy Queen;;Fairy Queen;;;;;;;;;x
GOD_GREAT_FAIRY_POWER;Great Fairy of Power;Grande Fée de Power;Große Fee der Macht;;Gran Hada del Poder;;;;;;;;;x
GOD_GREAT_FAIRY_WISDOM;Great Fairy of Wisdom;Grande Fée de la Sagesse;Große Fee der Weisheit;Gran Hada de la Sabiduría;;;;;;;;;;x
GOD_GREAT_FAIRY_COURAGE;Great Fairy of Courage;Grande Fée du Courage;Große Fee des Mutes;;Gran Hada del Coraje;;;;;;;;;;x
fire_spirit;Fire Spirit;Esprit Du Feu;Feuer-Geist;;Espíritu De Fuego;;;;;;;;;x
fire_spirit_DESC;Fire spirits are minor deities or demons which are usually found around warm regions and especially volcanoes.;Esprits du feu sont des divinités ou des démons mineurs qui se trouvent généralement autour de régions chaudes et surtout volcans .;Feuergeister sind kleinere Gottheiten oder Dämonen , die in der Regel rund warmen Regionen und vor allem Vulkane zu finden sind.;;Espíritus de fuego son deidades menores o demonios que se encuentran generalmente alrededor de las regiones cálidas y especialmente los volcanes.;;;;;;;;;x
BOLERO_FIRE;Bolero of Fire;Bolero de Feu;Bolero des Feuers;;Bolero de Fuego;;;;;;;;;;x
GOD_FIRE_SPIRIT;Fire Spirit;Esprit Du Feu;Feuer-Geist;;Espiritu De Fuego;;;;;;;;;x
barba_religion;Barba;Barba;Barba;;Barba;;;;;;;;;x
barba_religion_DESC;Barba is a limbless dragon inhabiting Three-Eye Rock. Some followers of the Fire Spirits believe he is the embodiment of the Fire Spirits.;Barba est un dragon limbless habitant Trois - Eye Rock. Certains adeptes des Esprits du Feu croient qu'il est l'incarnation des esprits du feu .;Barba ist eine limbless Drachen bewohnen Three -Eye -Felsen . Einige Anhänger der Feuergeister glauben, dass er die Ausführung der Feuergeister ist .;;Barba es un dragón sin extremidades que habita Roca Tres - Ojo. Algunos seguidores de los Espíritus de Fuego creen que él es la encarnación de los Espíritus de Fuego .;;;;;;;;;x
DRAGON_BARBA;Barba;Barba;Barba;;Barba;;;;;;;;;x
volvagia_religion;Volvagia;Volvagia;Volvagia;;Volvagia;;;;;;;;;x
volvagia_religion_DESC;Volvagia is a lava dragon that inhabits Death Mountains. Certain worshipers view his wrath as that of the Fire Spirits and seek to appease him.;Volvagia est un dragon de lave qui habite mort Montagnes . Certains adorateurs voir sa colère que celle des Esprits du Feu et cherchent à l'apaiser .;Volvagia ist ein Lava Drache, der Tod Mountains bewohnt . Einige Gläubige sehen sein Zorn , wie die der Feuergeister und versuchen, ihn zu beschwichtigen.;;Volvagia es un dragón de lava que habita en las montañas de la Muerte . Ciertos adoradores ver su ira como la de los Espíritus de Fuego y tratan de calmarlo .;;;;;;;;;;x
DRAGON_volvagia;Volvagia;Volvagia;Volvagia;;Volvagia;;;;;;;;;x
twin_frogs;Twin Frogs;Lits Frongs;Twin Frongs;;Doble Frongs;;;;;;;;;x
WIND_CONCERT;Wind's Concert;Concert du Vent;Wind Konzert;;Concierto de Viento;;;;;;;;;;x
twin_frogs_DESC;The Twin Frogs are a pair of minor deities Zephos, a forgiving god which controls the gentle wind, and Cyclos, Zephos vengeful twin who controls strong wind.;Les grenouilles jumelles sont une paire de divinités mineures Zephos , un Dieu qui pardonne , qui contrôle le vent doux et Cyclos , Zephos jumeaux vengeresse qui contrôle le vent fort .;Die Twin Frösche sind ein Paar von kleineren Gottheiten Zephos , ein verzeihe Gott , die den sanften Wind steuert und Cyclos , Zephos rachsüchtigen Zwilling, der starke Wind steuert .;;Las Ranas gemelas son un par de deidades menores Zephos , un Dios que perdona , que controla el viento suave , y Cyclos , Zephos gemelas vengativo que controla el viento fuerte.;;;;;;;;;x
GOD_THE_TWINS;The Twins;les jumeaux;die Zwillinge;;los gemelos;;;;;;;;;x
GOD_ZEPHOS;Zephos;Zephos;Zephos;;Zephos;;;;;;;;;x
GOD_CYCLOS;Cyclos;Cyclos;Cyclos;;Cyclos;;;;;;;;;x
wind_spirits;Wind Spirits;;;;;;;;;;x
wind_spirits_DESC;The wind spirits is little more than a loose collection of ancestral religions worshipping the beings that are carried from on the winds or the actual winds themselves.;;;;;;;;;;x
GOD_WINDS;Winds;;;;;;;;;;x
GOD_WIND_SPIRITS;Wind Spirits;;;;;;;;;;x
GOD_WEST_WINDS;West Winds;;;;;;;;;;x
GOD_EAST_WINDS;East Winds;;;;;;;;;;x
zephos_religion;Zephos;Zephos;Zephos;;Zephos;;;;;;;;;x
zephos_religion_DESC;A heresy of the Twin Frogs religion, followers reject Cyclos and views him as little more than a demon.;Une hérésie de la religion Lits Frog , les adeptes rejettent Cyclos et vues lui comme peu plus d' un démon .;Eine Häresie der Twin Frog Religion Anhänger lehnen Cyclos und Ansichten ihn als wenig mehr als ein Dämon.;;Una herejía de la religión gemelo de la rana , los seguidores rechazan Cyclos y puntos de vista él como poco más que un demonio.;;;;;;;;;x
WIND_REQUIEM;Wind's Requiem;Requiem de Vent;Wind Requiem;;Réquiem de viento;;;;;;;;;x
cyclos_religion;Cyclos;Cyclos;Cyclos;;Cyclos;;;;;;;;;x
cyclos_religion_DESC;A heresy of the Twin Frogs religion, followers reject Zephos and believe he is a coward and not worthy enough for worship.;Une hérésie de la religion jumelles grenouilles , les adeptes rejettent Zephos et croient qu'il est un lâche et pas assez digne pour le culte.;Eine Häresie der Twin Frösche Religion Anhänger lehnen Zephos und glauben, dass er ein Feigling ist und nicht würdig genug für den Gottesdienst;;Una herejía de la religión Gemelas Ranas , seguidores rechazan Zephos y creen que él es un cobarde y no lo suficientemente digno para el culto.;;;;;;;;;;x
BALLAD_GALES;Ballad of Gales;Ballade de Gales;Ballad of Gales;;Balada de Gales;;;;;;;;;;x
oshus_religion;Oshus;Oshus;Oshus;;Oshus;;;;;;;;;x
oshus_religion_DESC;Oshus, or the Ocean King, is the god of the Ocean either taking the form of a kind elderly hermit or a white whale. It is said that he protects the sailors of the Ocean from Cylcos's wraith and Beluums hunger.;Oshus , ou le roi de l'océan , est le dieu de l'océan en prenant soit la forme d' une sorte ermite personnes âgées ou une baleine blanche . Il est dit qu'il protège les marins de l'océan de wraith et Beluums la faim de Cylcos .;Oshus oder das Ocean King, ist der Gott des Ozeans , entweder in Form von einer Art älterer Einsiedler oder einer weißen Wal . Es wird gesagt, dass er schützt die Matrosen auf den Ozean von Cylcos der Wraith und Beluums Hunger.;;Oshus , o el Ocean King , es el dios del océano , ya sea tomando la forma de una especie de ermitaño ancianos o una ballena blanca . Se dice que protege a los marinos del Océano de espectro y Beluums hambre de Cylcos .;;;;;;;;;x
OSHUS_SAGA;Oshus's Saga;La saga de Oshus;Oshus Saga;;Saga de Oshus;;;;;;;;;x
GOD_OCEAN_KING;Ocean King;Ocean King;Ozean- König;;Ocean King;;;;;;;;;x
GOD_OSHUS;Oshus;Oshus;Oshus;;Oshus;;;;;;;;;x
GOD_BELLUM;Bellum;Bellum;Bellum;;Bellum;;;;;;;;;x
wind_fish_religion;Wind Fish;Vent poisson;Wind -Fisch;;viento Fish;;;;;;;;;x
wind_fish_religion_DESC;The Wind Fish is a whale like god located on Koholint Island. It is capable of creating anything it dreams of despite being unborn.;Le poisson Vent est une baleine comme dieu situés sur l'île de Koholint . Il est capable de créer tout ce qu'il rêve de dépit d'être à naître .;Die Wind -Fisch ist ein Wal wie Gott auf Koholint Island. Es ist in der Lage irgendetwas sie träumt davon , obwohl sie im Mutterleib .;;El pescado del viento es una ballena como dios situados en Koholint Island. Es capaz de crear cualquier cosa que sueña a pesar de ser no nacido.;;;;;;;;;;x
BALLAD_WIND_FISH;Ballad of the Wind Fish;Ballade du Poisson-;Ballade vom Windfisch;;Ballade vom WindfischBalada del Pez Viento;;;;;;;;;x
GOD_WIND_FISH;Wind Fish;Vent poisson;Wind -Fisch;;Viento Fish;;;;;;;;;x
GOD_DREAMER;The Dreamer;le Rêveur;der Träumer;;El Soñador;;;;;;;;;x
GOD_WIND_FISH;The Wind Fish's Egg;L'œuf du Poisson-;Die Wind -Fisch Ei;;Huevo del viento Fish;;;;;;;;;x
spirits_good;Spirits of Good;Esprits de Bonne;Spirits of Good;;Espíritus de Buena;;;;;;;;;;x
spirits_good_DESC;The Spirits of Good are collective spirits from the Spirit Continent. During the Spirit Wars, in which they fought the Demon King Malladus, they created the spirit tracks to enable their armies to travel quickly.;Les esprits du bien sont des esprits collectifs du Continent Esprit . Pendant les guerres Esprit , dans lequel ils ont combattu le Roi Démon Malladus , ils ont créé l'esprit des pistes pour permettre à leurs armées de voyager rapidement.;Die Mächte des Guten sind kollektive Geister aus dem Geist Kontinent . Während der Geist Kriege, in denen sie kämpfte gegen den Demon King Malladus , schufen sie den Geist verfolgt , um ihre Armeen zu ermöglichen , schnell zu fahren.;;Los espíritus del bien son espíritus colectivos del Espíritu Continente . Durante el Espíritu Wars, en el que lucharon contra el Rey Demonio Malladus , crearon el espíritu pistas para permitir a sus ejércitos para viajar rápidamente .;;;;;;;;;x
SPIRIT_SYMPHONY;Spirit Symphony;esprit Symphony;Geist Symphony;;Espíritu Sinfónica;;;;;;;;;x
GOD_SPIRITS_GOOD;Spirits of Good;Esprits de Bonne;Spirits of Good;;Espíritus de Buena;;;;;;;;;x
din_worship;Din;Din;Din;;Din;;;;;;;;;x
din_worship_DESC;Din is the goddess of power. The gerudo have rejected the other goddesses for Din in hopes of gaining her favour.;Din est la déesse de la puissance . Le Gerudo ont rejeté les autres déesses pour Din dans l'espoir de gagner sa faveur .;Din ist die Göttin der Macht. Die Gerudo haben die anderen Göttinnen für Din in der Hoffnung, ihre Gunst zu gewinnen abgelehnt.;;Din es la diosa del poder. El gerudo han rechazado las otras diosas del Din con la esperanza de ganar su favor.;;;;;;;;;x
DIN_POWER;Din's Power;Din's puissance;Din's Leistung;;Din's poder;;;;;;;;;;x
gerudo_goddess;Goddess of the Sand;Déesse du Sable;Göttin der Sand;;Diosa de la Arena;;;;;;;;;x
gerudo_goddess_DESC;The Goddess of the Sand is a neutral goddess who balances good and evil, traditionally worshipped by the Gerudo.;La déesse du Sable est une déesse neutre qui équilibre bien et le mal , traditionnellement vénéré par l' Gerudo .;Die Göttin der Sand ist ein neutrales Göttin, die Gut und Böse, die traditionell von der Gerudo verehrt ausgleicht.;;La Diosa de la arena es una diosa neutral que equilibra bien y el mal , tradicionalmente adorado por la Gerudo .;;;;;;;;;x
GODDESS_BALANCE;Goddess's Ballance;Ballance de déesse;Göttin Ballance;;Ballance de Diosa;;;;;;;;;x
GOD_GODDESS_OF_THE_SAND;Goddess of the Sand;Déesse du Sable;Göttin der Sand;;Diosa de la Arena;;;;;;;;;;x
GOD_DESERT_GODDESS;Desert Goddess;Desert Déesse;Wüsten- Göttin;;Desierto Diosa;;;;;;;;;x
goddess_son;Goddess's Son;Goddess Son;Goddess Son;;Diosa Hiji;;;;;;;;;;x
goddess_son_DESC;A heresy of the Desert Goddess religion. Followers worship the one male gerudo, born every 100 years, as a deity and the son of the Goddess.;Une hérésie de la religion Desert Déesse . Abonnements adorent le Gerudo un mâle , né tous les 100 ans , comme une divinité et le fils de la Déesse .;Eine Häresie der Wüste Goddess Religion. Anhänger verehren den einen männlichen Gerudo , geboren in 100 Jahren , als eine Gottheit und der Sohn der Göttin .;;Una herejía de la religión del desierto diosa . Seguidores adoran al gerudo un macho , nacido cada 100 años, como una deidad y el hijo de la Diosa.;;;;;;;;;x
GOD_GODDESS_SON;Goddess's Son;Goddess Son;Goddess Son;;Diosa Hiji;;;;;;;;;x
yamatami_gods;Gods of Yamatami;;;;;;;;;;;;x#translate
yamatami_gods_DESC;The religon of the Yamatami an ever growing number of gods.;;;;;;;;;;;;x#translate
demon_religion;Demon Worship;culte démon;Dämonenverehrung;;La adoración del demonio;;;;;;;;;x
demise_religion;Demise;Demise;Demise;;Demise;;;;;;;;;x
demise_religion_DESC;Demise is the creator of all monsters and the father to most of the demon kings. During the Era Hylia Demise led a war to obtain the Triforce, in hopes of creating a world for his creations, however he was thwarted by the Goddess Hylia and sealed away.;Demise est le créateur de tous les monstres et le père de la plupart des rois de démons . Au cours de l' ère Demise Hylia mené une guerre pour obtenir la Triforce , dans l'espoir de créer un monde pour ses créations , mais il a été contrecarré par le Hylia Déesse et hermétique à l'abri .;Demise ist der Schöpfer aller Monster und der Vater zu den meisten der Dämon Könige. Während der Ära Hylia Demise führte einen Krieg , um das Triforce in der Hoffnung auf eine Welt für seine Kreationen zu erhalten, jedoch wurde er von der Göttin Hylia vereitelt und weg versiegelt.;;Demise es el creador de todos los monstruos y el padre a la mayoría de los reyes demonios . Durante la Época Demise Hylia llevado una guerra para obtener la Trifuerza , con la esperanza de crear un mundo por sus creaciones , sin embargo él fue frustrado por la diosa Hylia y sellada .;;;;;;;;;x
GOD_ALL_CREATOR;All Creator;tous Creator;alle Creator;;Todo Creador;;;;;;;;;;x
GOD_DEMON_KING;Demon King;roi Démon;demon King;;rey Demonio;;;;;;;;;x
GOD_IMPRISONED;The Imprisoned;le Emprisonné;die Inhaftiert;;El Encarcelado;;;;;;;;;x
DEMISES_SAGA;Demise's Saga;La saga de Demise;Demise Saga;;Saga de Demise;;;;;;;;;x
vaati_religion;Vaati;Vaati;Vaati;;Vaati;;;;;;;;;x
vaati_religion_DESC;Vaati was once a picori mage, he became obsessed with the darker sides of humanity. He stole his master's greatest creation and led a war against the humans and piccori in hopes of becoming a god.;Vaati était une fois un mage de Minish , il est devenu obsédé par les côtés les plus sombres de l'humanité . Il a volé plus grande création de son maître et a mené une guerre contre les humains et piccori dans l'espoir de devenir un dieu .;Vaati war einmal ein picori mage, wurde er mit den dunklen Seiten der Menschheit besessen. Er stahl größte Schöpfung seines Herrn und führte einen Krieg gegen die Menschen und piccori in der Hoffnung, zu einem Gott.;;Vaati fue una vez un mago minish , se obsesionó con los lados más oscuros de la humanidad . Robó mayor creación de su amo y lideró una guerra contra los humanos y piccori con la esperanza de convertirse en un dios.;;;;;;;;;x
VAATIS_LEGEND;Vaati's Legend;Légende de Vaati;Vaati Legend;;Leyenda de Vaati;;;;;;;;;;x
GOD_VAATI;Vaati;Vaati;Vaati;;Vaati;;;;;;;;;x
ganon_religion;Ganon;Ganon;Ganon;;Ganon;;;;;;;;;x
ganon_religion_DESC;Ganon was the King of the Gerudo. He sought power through the Triforce, fooling the King of Hyrule, while he was not able to fully complete the wish he was able to become a Demon King.;Ganon était le roi de la Gerudo . Il a cherché le pouvoir par la Triforce , trompant le Roi d'Hyrule , alors qu'il n'a pas été en mesure de remplir entièrement le souhait qu'il était en mesure de devenir un roi démon .;Ganon war der König des Gerudo . Er suchte Macht durch das Triforce , Narren der König von Hyrule , während er war nicht in der Lage, den Wunsch, er war in der Lage, ein Dämonenkönig zu werden vollständig abzuschließen.;;Ganon era el rey de la Gerudo . Buscó poder a través de la Trifuerza , engañando al rey de Hyrule , mientras que él no fue capaz de completar totalmente el deseo que él fue capaz de convertirse en un Rey Demonio .;;;;;;;;;;x
GANONS_LEGEND;Ganon's Legend; Legende de Ganon;Ganon Legend;;Leyenda de Ganon;;;;;;;;;x
GOD_GANON;Ganon;Ganon;Ganon;;Ganon;;;;;;;;;x
GOD_ZELDA;Zelda;Zelda;Zelda;;Zelda;;;;;;;;;x
GOD_LINK;Link;Link;Link;;Link;;;;;;;;;x
uncle_rupee_religion;Uncle Rupee;Roupie oncle;Uncle Rupee;;Rupia tío;;;;;;;;;x
uncle_rupee_religion_DESC;Uncle Rupee is a demon taking the form of a rupee. While not a demon king uncle rupee cons and curses others seeking to gain the most rupees.;Roupie oncle est un démon prenant la forme d' une roupie . Bien que pas un démon roi oncle contre roupie et maudit ceux qui cherchent à gagner le plus de roupies .;Uncle Rupie ist ein Dämon in Form einer Rupie . Während nicht ein Dämon König Onkel Rupie Nachteile und verflucht andere an , um die Rupien zu gewinnen.;;Rupia tío es un demonio que toma la forma de una rupia . Aunque no es un demonio rey tío contras rupia y maldiciones a otros que buscan obtener la mayor cantidad de rupias.;;;;;;;;;x
FORTUNE;Fortune;fortune;Vermögen;;fortuna;;;;;;;;;x
RUPEES_HOW_TO;Uncle Rupee's How To Make More Rupees Guide;Roupie oncle comment faire Guide Plus de Roupies;Uncle Rupie ist wie man mehr Rupees Führer;;Rupia tío es cómo hacer Guía Más Rupias;;;;;;;;;;x
GOD_RUPEE;Uncle Rupee;Roupie oncle;Uncle Rupee;Rupia tio;;;;;;;;;x
bellum_religion;Bellum;Bellum;Bellum;;Bellum;;;;;;;;;x
bellum_religion_DESC;Bellum is a squid-like demon inhabiting the seas. During the night Bellum attacks ships draining the Life Force of sailors and leaving a petrified sailor.;Bellum est un démon squid comme habitant les mers . Pendant la nuit Bellum attaque navires drainant la force de la vie des marins et laissant un marin pétrifiée .;Bellum ist ein Tintenfisch -ähnlichen Dämonen bevölkern die Meere . In der Nacht Bellum greift Schiffe Ablassen der Lebenskraft der Seefahrer und Verlassen eines versteinerten Seemann.;;Bellum es un demonio calamar -como habitar los mares. Durante la noche Bellum ataca barcos que drenan la fuerza de la vida de los marineros y salen de un marinero petrificado.;;;;;;;;;x
LIFE_FORCE;Life Force;force De Vie;Lebenskraft;;Fuerza De Vida;;;;;;;;;;x
GOD_BELLUM;Bellum;Bellum;Bellum;;Bellum;;;;;;;;;x
BELLUMS_SHANTI;Bellum's Shanti;Shanti de Bellum;Bellum die Shanti;;Shanti del Bellum;;;;;;;;;x
GOD_PHANTOM;The Evil Phantom;Le Fantôme Mal;The Evil Phantom;;El fantasma del Mal;;;;;;;;;x
GOD_DREAM_GOD;The Evil Dream God;The Evil rêve Dieu;Der böse Traum Gottes;;El mal sueño de Dios;;;;;;;;;x
baga_tree;Baga Tree;Baga Arbre;Baga Baum;;Baga Árbol;;;;;;;;;x
baga_tree_DESC;The Baga Tree is the counterpart to the Deku tree. While the Deku tree created the kokiri the Baga tree twisted them into the mischievous Skull Kids.;L'Arbre Baga est la contrepartie de l'arbre Deku . Alors que l'arbre Deku créé le kokiri l'arbre Baga les tordit dans les espiègles Skull Kids.;Das Baga Baum ist das Gegenstück zum Deku Baum. Während der Deku -Baum erstellt die kokiri die Baga Baum verdreht sie in die schelmischen Schädel scherzt .;;El árbol de Baga es la contraparte al árbol Deku . Mientras que el árbol Deku creó el Kokiri el árbol Baga les torció en los traviesos Skull Kids.;;;;;;;;;x
MISCHIEF;Mischief;Sottises;Unfug;;Travesura;;;;;;;;;;x
BAGAS_SONG;Baga's Song;Song Baga;Baga Lied;;Canción de Baga;;;;;;;;;x
GOD_BAGA_TREE;Baga Tree;Baga Arbre;Baga Baum;;Baga Árbol;;;;;;;;;x
malladus_religion;Malladus;Malladus;Malladus;;Malladus;;;;;;;;;x
malladus_religion_DESC;Malladus was the second Demon King and native to the Spirit Continent. He leads a war against the Spirits of Good seeking to conquer the Spirit Continent.;Malladus était le deuxième roi démon et originaire de l' Esprit Continent . Il mène une guerre contre les esprits du bien en cherchant à conquérir le continent Esprit .;Malladus war der zweite Demon King und stammt aus dem Geist Kontinent . Er führt einen Krieg gegen die Geister des Guten versucht, den Geist Kontinent zu erobern.;;Malladus fue el segundo rey demonio y nativa al Espíritu Continente . Él lleva una guerra contra los espíritus del bien tratando de conquistar el Espíritu Continente .;;;;;;;;;x
doctrine;Doctrine;Doctrine;Lehre;;Doctrina;;;;;;;;;x
wizzrobe_doctrine;Wizzrobe;Wizzrobe;Wizzrobe;;Wizzrobe;;;;;;;;;x
wizzrobe_doctrine_DESC;The Wizzrobe Doctrine holds that only those capable of using magic should rule and seeks strengthen magic users through strict practice.;La Doctrine Wizzrobe détient que seuls ceux capable d'utiliser la magie devrait statuer et cherche à renforcer utilisateurs de magie à travers la pratique stricte .;Die Wizzrobe Lehre besagt, dass nur solche, die mit Magie sollte regieren und sucht Magie Nutzer stärken durch strenge Praxis.;;La Doctrina Wizzrobe sostiene que sólo los que son capaces de utilizar la magia debe gobernar y busca fortalecer usuarios de la magia a través de la práctica estricta .;;;;;;;;;x
THE_WAY;The Way;le Chemin;der Weg;;El Camino;;;;;;;;;x
MANA;Mana;Mana;Mana;;Mana;;;;;;;;;x
darknut_doctrine;The Code;The Code;;The Code;;;;;;;;;x
darknut_doctrine_DESC;The Code was created by the first Darknut Legate. The Code speaks that it is the right of the strong to rule and the right of the weak to serve. The Code has a strict set of rule in which followers must adhere went interact to each other.;Le code a été créé par le premier Darknut légat . Le Code parle qu'il est le droit du plus fort à la règle et le droit de la faiblesse de servir . Le Code a un ensemble strict de règle dans laquelle disciples doivent respecter allé interagissent les uns aux autres .;Der Kodex wurde von der ersten Darknut Legate erstellt. Der Kodex spricht , dass es das Recht des Stärkeren zu herrschen und das Recht der Schwachen zu dienen. Der Kodex hat eine Reihe von strengen Regel , in dem Anhänger ging haften müssen interagieren miteinander .;;El Código fue creado por el primer Darknut Legado . El Código habla de que es el derecho de los fuertes para gobernar y el derecho de los débiles para servir. El Código tiene un estricto conjunto de reglas en el que los seguidores deben adherirse fue interactúan entre sí.;;;;;;;;;x
HONER;Honer;Honer;Honer;;Honer;;;;;;;;;x
THE_CODE;The Code;le Code;der Code;;el Código;;;;;;;;;x
pirate_doctrine;Pirate;Pirate;Pirat;;Pirata;;;;;;;;;x
pirate_doctrine_DESC;Pirates have no single god and no honer beyond what they can carry.;Pirates ont pas de dieu unique et aucun honer delà de ce qu'ils peuvent transporter .;Pirates haben keinen einzigen Gott und keinen honer das hinaus, was sie tragen können .;;Piratas no tienen solo dios y ningún honer más allá de lo que pueden llevar.;;;;;;;;;x
BOUNTY;Bounty;Prime;Kopfgeld;;Generosidad;;;;;;;;;x
SEA_SHANTY;Sea Shanty;Sea Shanty;Sea Shanty;;Sea Shanty;;;;;;;;;x
GOD_SEA;The Sea;The Sea;The Sea;;The Sea;;;;;;;;;x
alien_religion;Otherworld Religions;;;;;;;;;;;;x#translate
goddesses_lorule;Goddesses of Lorule;;;;;;;;;;;;x#translate
goddesses_lorule_DESC;The Goddesses of Lorule created the world and all the monsters of it to serve them. They forged the triforce to maintain order over their creations;;;;;;;;;;;;x#translate
goddess_lolia;Lolia;;;;;;;;;;;;x#translate
goddess_lolia_DESC;The Goddess Lolia stole the triforce from the Goddesses to create a world for her followers, however for her crimes she had her god hood taken from her.;;;;;;;;;;;;x#translate
helmasaur_king;Helmasaur King;;;;;;;;;;;;x#translate
helmasaur_king_DESC;The Helmasaur King is an ancient monster that lives in the mountains of Lorule, it is said that his gems can entrance any that gaze upon them if they are not pure of heart.;;;;;;;;;;;;x#translate
mask_cult;Cult of the Mask;;;;;;;;;;;;x#translate
mask_cult_DESC;The Cult of the Mask is a recent cult that believes only those that hide their face can survive in the devestated Lorule;;;;;;;;;;;;x#translate
sol_religion;Sol;Sol;Sol;;Sol;;;;;;;;;x
sol_religion_DESC;Sols are sun like spirits that inhabit the Twilight Realm. They provide the only source of light and are capable of curing most curses.;Sols sont le soleil comme des esprits qui habitent le Royaume du Crépuscule . Ils constituent la seule source de lumière et sont capables de guérir la plupart des malédictions et repeling tous, mais les monstres les plus vils .;Sole sind Sonne , wie Spirituosen , die den Zwielichtreich bewohnen. Sie stellen die einzige Lichtquelle und sind in der Lage zu heilen die meisten Flüche und Repeling alle, aber die meisten abscheulichen Monstern .;;Sols son sol como espíritus que habitan en el Reino Crepuscular . Ellos proporcionan la única fuente de luz y son capaces de curar la mayoría de las maldiciones y repeling todos, pero los monstruos más viles .;;;;;;;;;;x
SOLS_LAMINAT;Sol's Laminate;Flottant de Sol;Sol Laminat;;Laminado de Sol;;;;;;;;;x
GOD_SOL;Sol;Sol;Sol;;Sol;;;;;;;;;x
GOD_DIVINE_BEAST;Divine Beast;Divine Bête;Göttliche Beast;;Divina Bestia;;;;;;;;;x
divine_beast;Divine Beast;Divine Bête;Göttliche Beast;;Divina Bestia;;;;;;;;;x
divine_beast_DESC;A heresy of the Sol religion, the divine beast followers that when the Sols fail to protect the Twili a giant twili-wolf shall appear to defend both the Twilight and Light Realm.;Une hérésie de la religion Sol , les adeptes de la bête divines que lorsque les Sols ne parviennent pas à protéger le Twili un Twili - loup géante doit comparaître pour défendre à la fois le Crépuscule et Royaume de Lumière .;Eine Häresie des Sol Religion , die göttlichen Tier Anhänger , dass, wenn die Sole scheitern, die Twili schützen ein Riese Twili -wolf erscheinen wird , um sowohl die Dämmerung und Licht Reich zu verteidigen.;;Una herejía de la religión Sol , los seguidores de la bestia divinas que cuando los soles no protegen a la Twili un twili - lobo gigante aparecerá para defender tanto el Crepúsculo y Realm Luz.;;;;;;;;;x
BEAST_HOWL;Beast's Howl;Hurlement de la Bête;Beast Howl;;Aullido de Bestia;;;;;;;;;x
termina;Termina;Termina;Termina;;Termina;;;;;;;;;x
goddess_of_time;Goddess of Time;Déesse du Temps;Goddess of Time;;Diosa del Tiempo;;;;;;;;;;x
goddess_of_time_DESC;The Goddess of Time is a Terminan goddess, the most worshiped one.;;;;;;;;;x
SONG_OF_TIME;Song of Time;Chanson du Temps;Hymne der Zeit;;Canción del Tiempo;;;;;;;;;x
GOD_GODDESS_OF_TIME;Goddess of Time;Déesse du Temps;Goddess of Time;;Diosa del Tiempo;;;;;;;;;x
majora_religion;Majora;Majora;Majora;;Majora;;;;;;;;;x
majora_religion_DESC;Majora was once a powerful demon but after challenging the Goddess of Time it was sealed within a mask.;Majora était une fois un puissant démon mais après contestant la Déesse du Temps , il a été scellé dans un masque .;Majora war einst ein mächtiger Dämon , aber nach Anfechtung der Göttin der Zeit innerhalb einer Maske wurde verschlossen.;;Majora fue una vez un poderoso demonio , pero después de desafiar la Diosa de la Hora en que fue sellado dentro de una máscara.;;;;;;;;;x
SONG_HEALING;Song of Healing;Song of Healing;Song of Healing;;Canción de Curación;;;;;;;;;x
GOD_MAJORA;Majora;Majora;Majora;;Majora;;;;;;;;;x
GOD_FIERCE_DEITY;Fierce Deity;Divinité Fierce;Fierce Deity;;Deidad Fierce;;;;;;;;;x
fierce_deity;Fierce Deity;Divinité Fierce;Fierce Deity;;Deidad Fierce;;;;;;;;;x
fierce_deity_DESC;The Fierce Deity was a god like being that fought Majora, however he did not care what damage he caused and for the good of Termina the Goddess of Time sealed him within a mask, the act draining her of her divinity.;La divinité féroce était un dieu comme être qui a combattu Majora , cependant , il se fichait de ce préjudice qu'il a causé et pour le bien de Termina la Déesse du Temps lui scellé dans un masque , l'acte lui vidange de sa divinité.;Der Fierce Deity war ein Gott wie Wesen, Majora gekämpft , aber war es ihm egal , welchen Schaden er verursacht und für das Wohl der Termina die Göttin der Zeit versiegelt ihn innerhalb einer Maske , die Handlung Entleeren sie an ihre Göttlichkeit.;;La Fiera Deidad era un dios como ser que luchó Majora , sin embargo él no le importaba lo que causó daños y para el bien de Termina la Diosa de Time lo sellado dentro de una máscara , el acto de drenaje de su de su divinidad.;;;;;;;;;x
RAGE;Rage;Rage;Wut;;Rabia;;;;;;;;;x
DEITY_WRATH;The Deity's Wrath;Colère de la Divinité;Der Gottheit Wrath;;Ira del Deidad;;;;;;;;;x
GOD_DARK_ONE;The Dark One;;;;;;;;;x
GOD_SHADOW_BEAST;Shadow Beasts;;;;;;;;;;;x
GOD_THE_MASKS;The Masks;;;;;;;;;x
THE_MASK_EDICT;The Mask Edict;;;;;;;;;;;;x
GOD_MONSTERS;Monsters;;;;;;;;;;;x
GOD_HELMASAUR_KING;The Helmasaur King;;;;;;;;x#translate
GOD_LOLIA;Lolia;;;;;;;;;;x
GOD_RISE;Rise;;;;;;;;;x#translate
GOD_Narore;Narore;;;;;;;;;;;x
GOD_FARYU;Faryu;;;;;;;;;;;x
GOD_JIN;Jin;;;;;;;;;;;x
SEA_SHANTI;Shanty;;;;;;;;;;x
LIGHT_FORCE;Light Force;;;;;;;;;x
STAT_PIETY_LIGHT_FORCE;Light Force;;;;;;;;;x
STAT_PIETY_MENU_LIGHT_FORCE;Light Force;;;;;;;;;x
THE_FALLEN;The Fallen;;;;;;;x
THE_DISHONORED;The Dishonored;;;;;;;;;x
GOD_NOMAGIC;The Magic Less;;;;;;;;;x
GOD_MALLADUS;Malladus;;;;;;;;;x
MALLADUS_TRIUMPH;Triumph of Malladus;;;;;;;;;;;;;x
BAGA_TREE;Baga Tree;;;;;;;;;;;x#translate
ATTENDENT;Attendent;;;;;;;;;;;;x
GOD_WIND_FISH_EGG;Wind Fish Egg;;;;;;;;;;;;;x
LIGHT_WAR;Light War;;;;;;;;;;;;;x
GOD_DARK_INTERLOPERS;The Dark Interlopers;;;;;;;;;;;;;x
GOD_INTERLOPERS;The Interlopers;;;;;;;;;;;;;x
GOD_SERVANT_SPIRITS;Servent Spirits;;;;;;;;;;;;;x
STAT_PIETY_LIFE_FORCE;Life Force;;;;;;;;;;;;;x
LIFE_FORCE;Life Force;;;;;;;;;;;;;x
GOD_EAST_WIND;East Wind;;;;;;;;;;;;;x
earth_spirits_reformed;Earth God;;;;;;;;;;;;;x
earth_spirits_reformed_DESC;The reformed earth spirits religion. Worshipers believe there is only one god that controls all of nature, the earth god.;;;;;;;;;;;;;x
GOD_WIND;Wind Goddesses;;;;;;;;;;;;;x
WIND_ARIA;Wind Goddess's Aria;;;;;;;;;;;;;x
GOD_EARTH;Earth God;;;;;;;;;;;;;x
DRAGON_VOLVAGIA;Volvagia;;;;;;;;;;;;;x
GOD_KING;The King;;;;;;;;;;;;;x
GOD_GODDESS;Goddess;;;;;;;;;;;;;x
GOD_NARORE;Narore;;;;;;;;;;;;;x
STAT_PIETY_DESC_LIFE_FORCE;Life force is believed to be the animating force in all creatures when drained it is believed one will turn to stone. Upon death the Life Force is added to your score.;;;;;;;;;;;;;x
MONTHLY_PIETY_LIFE_FORCE;Life Force;;;;;;;;;;;;;;;x
LIFE_FORCE_DESC;Life force is believed to be the animating force in all creatures when drained it is believed one will turn to stone. Upon death the Life Force is added to your score.;;;;;;;;;;;;;x
GOD_SHADOWS;The Shadows;;;;;;;;;;;;;;;x
GOD_NIGHTMARES;The Nightmares;;;;;;;;;;;;;;;x
wind_spirits_reformed;Wind Goddess;;;;;;;;;;;;;;;x
wind_spirits_reformed_DESC;A reformed version of the wind spirit religion. Worshippers believe that the winds are controlled by a singular goddess.;;;;;;;;;;;;x
GOD_GREAT_MAKU_SAPLING;Maku Sapling;;;;;;;;;;;;;;;x
GOD_GREAT_MAKU_TREE;Maku Trees;;;;;;;;;;;;;;;x
CARETAKER;Caretaker;;;;;;;;;;;;;;;x
GOD_GOHMA;Gohma;;;;;;;;;;;;;;;x
JABUN_SHANTY;Jabun's Shanty;;;;;;;;;;;;;;x
GOD_SPIRITS;Spirits;;;;;;;;;;;;;;x
HYLIA_NOCTURNE;Hylia's Nocturne;;;;;;;;;;;;;;x
MONK;Monk;;;;;;;;;;x#translate
THE_SINGS;The Signs;;;;;;;;;;;x
KEEPER;Keeper;;;;;;;;;;x#translate
THE_CELESTIAL_SIGNS;The Celestial Signs;;;;;;;;;;;;x
SIGN_WATER;Sign of Water;;;;;;;;;;;;x
SIGN_AIR;Sign of Air;;;;;;;;;;;;x
SIGN_DESTINY;Sign of Destiny;;;;;;;;;;;;x
SIGN_ILLUSION;Sign of Illusion;;;;;;;;;;;;x
SIGN_EARTH;Sign of Earth;;;;;;;;;;;;x
SIGN_FIRE;Sign of Fire;;;;;;;;;;;;;x
SIGN_STRENGTH;Sign of Strength;;;;;;;;;;;;x

#titles
temple_king;High Priest;;;;;;;;;;;;;x
temple_duke;Great-Priest;;;;;;;;;;;;;x
temple_count;Arch-Priest;;;;;;;;;;;;;x
temple_baron;Priest;;;;;;;;;;;;;x
temple_king_of;Theocracy of;;;;;;;;;;;;;x
temple_duchy_of;High Temple of;;;;;;;;;;;;;x
temple_county_of;Great Temple of;;;;;;;;;;;;;x
temple_barony_of;Temple of;;;;;;;;;;;;;x
temple_king_sheikahism;Monk;;;;;;;;;;;;;x
temple_king_female_sheikahism;Nun;;;;;;;;;;;;;x
temple_duke_sheikahism;Monk;;;;;;;;;;;;;x
temple_duke_female_sheikahism;Nun;;;;;;;;;;;;;x
temple_count_sheikahism;Monk;;;;;;;;;;;;;x
temple_count_female_sheikahism;Nun;;;;;;;;;;;;;x
temple_baron_sheikahism;Monk;;;;;;;;;;;;;x
temple_baron_female_sheikahism;Nun;;;;;;;;;;;;;x
temple_kingdom_of_sheikahism;Monastery of;Monastère de;Kloster von;;Monasterio de;;;;;;;;;x;;;;;;;;;;;;
temple_duchy_of_sheikahism;Monastery of;Monastère de;Kloster von;;Monasterio de;;;;;;;;;x;;;;;;;;;;;;
temple_county_of_sheikahism;Monastery of;Monastère de;Kloster von;;Monasterio de;;;;;;;;;x;;;;;;;;;;;;
temple_king_great_fairies;Great Fairy;;;;;;;;;x
temple_king_female_great_fairies;Great Fairy;;;;;;;;;x
temple_duke_great_fairies;Great Fairy;;;;;;;;;x
temple_duke_female_great_fairies;Great Fairy;;;;;;;;;x
temple_count_great_fairies;Great Fairy;;;;;;;;;x
temple_count_female_great_fairies;Great Fairy;;;;;;;;;x
temple_baron_great_fairies;Great Fairy;;;;;;;;;x
temple_baron_female_great_fairies;Great Fairy;;;;;;;;;x
temple_kingdom_of_great_fairies;Fairy Fountain of;;;;;;;;;x
temple_duchy_of_great_fairies;Fairy Fountain of;;;;;;;;;x
temple_county_of_great_fairies;Fairy Fountain of;;;;;;;;;x
temple_barony_of_great_fairies;Fairy Fountain of;;;;;;;;;x
temple_barony_of_sheikahism;Shrine of;;;;;;;;;x
JUDICAR;Judicar;Judicar;Judicar;;Judicar;;;;;;;;;x
temple_king_darknut_doctrine;High Exemplar ;;;;;;;;;;;;;x
temple_king_female_darknut_doctrine;High Exemplar;;;;;;;;;;;;;x
temple_duke_darknut_doctrine;Paragon;;;;;;;;;;;;;x
temple_duke_female_darknut_doctrine;Paragon;;;;;;;;;;;;;x
temple_count_darknut_doctrine;Judicar;;;;;;;;;;;;;x
temple_count_female_darknut_doctrine;Judicar;;;;;;;;;;;;;x
temple_baron_darknut_doctrine;Arbiter;;;;;;;;;;;;;x
temple_baron_female_darknut_doctrine;Arbiter;;;;;;;;;;;;;x
temple_kingdom_of_darknut_doctrine;Supreme Tribunal of;;;;;;;;;;;;;x
temple_duchy_of_darknut_doctrine;High Tribunal of;;;;;;;;;;;;;x
temple_county_of_darknut_doctrine;County Tribunal of;;;;;;;;;;;;;x
temple_barony_of_darknut_doctrine;Tribunal of;;;;;;;;;;;;;x
ELDER;Elder;;;;;;;;;;;;;x
temple_duke_mask_cult;Priest;;;;;;;;;;;;;x
temple_duke_female_mask_cult;Priestess;;;;;;;;;;;;;x
temple_count_mask_cult;Patriarch;;;;;;;;;;;;;x
temple_count_female_mask_cult;Matriarch;;;;;;;;;;;;;x
temple_baron_mask_cult;Elder;;;;;;;;;;;;;x
temple_baron_female_mask_cult;Elder;;;;;;;;;;;;;x
temple_duchy_of_mask_cult;Church of;;;;;;;;;;;;;x
temple_county_of_mask_cult;Cult of;;;;;;;;;;;;;x
temple_barony_of_mask_cult;Following of;;;;;;;;;;;;;x
TEACHER;Educator;;;;;;;;;;;;;x
temple_duke_wizzrobe_doctrine;Arch-Wizzard;;;;;;;;;;;;;x
temple_duke_female_wizzrobe_doctrine;Arch-Witch;;;;;;;;;;;;;x
temple_count_wizzrobe_doctrine;Head Wizzard;;;;;;;;;;;;;x
temple_count_female_wizzrobe_doctrine;Head Witch;;;;;;;;;;;;;x
temple_baron_wizzrobe_doctrine;Guild Master;;;;;;;;;;;;;x
temple_baron_female_wizzrobe_doctrine;Guild Mistress;;;;;;;;;;;;;x
temple_duchy_of_wizzrobe_doctrine;University of;;;;;;;;;;;;;x
temple_county_of_wizzrobe_doctrine;School of;;;;;;;;;;;;;x
temple_barony_of_wizzrobe_doctrine;Guild of;;;;;;;;;;;;;x
temple_duke_demon_religion;Hight Shaman;;;;;;;;;;;;;x
temple_duke_female_demon_religion;Hight Shaman;;;;;;;;;;;;;x
temple_count_demon_religion;Shaman;;;;;;;;;;;;;x
temple_count_female_demon_religion;Shaman;;;;;;;;;;;;;x
temple_baron_demon_religion;Acolyte;;;;;;;;;;;;;x
temple_baron_female_demon_religion;Acolyte;;;;;;;;;;;;;x
temple_duchy_of_demon_religion;Church of;;;;;;;;;;;;;x
temple_county_of_demon_religion;High Temple of;;;;;;;;;;;;;x
temple_barony_of_demon_religion;Temple of;;;;;;;;;;;;;x
temple_king_heavenly_goddesses;Monk;;;;;;;;;;;;;x
temple_king_female_heavenly_goddesses;Nun;;;;;;;;;;;;;x
temple_duke_heavenly_goddesses;Monk;;;;;;;;;;;;;x
temple_duke_female_heavenly_goddesses;Nun;;;;;;;;;;;;;x
temple_count_heavenly_goddesses;Monk;;;;;;;;;;;;;x
temple_count_female_heavenly_goddesses;Nun;;;;;;;;;;;;;x
temple_baron_heavenly_goddesses;Monk;;;;;;;;;;;;;x
temple_baron_female_heavenly_goddesses;Nun;;;;;;;;;;;;;x
temple_kingdom_of_heavenly_goddesses;Monastery;;;;;;;;;;;;;x
temple_duchy_of_heavenly_goddesses;Monastery;;;;;;;;;;;;;x
temple_county_of_heavenly_goddesses;Monastery;;;;;;;;;;;;;x
temple_barony_of_heavenly_goddesses;Monastery;;;;;;;;;;;;;x
#temple_king_
#temple_king_female_
#temple_duke_
#temple_duke_female_
#temple_count_
#temple_count_female_
#temple_baron_
#temple_baron_female_
#temple_kingdom_of_
#temple_duchy_of_
#temple_county_of_
#temple_barony_of_
#good=councils,churches,etc evil=hordes
d_deku;Deku Family;;;;;;;;;x
d_jabu;Jabu-Jabu Caretakers;;;;;;;;;x
d_jabun;Jabun Caretakers;;;;;;;;;x
d_jabu_adj;Caretaker;;;;;;;;;x
d_jabun_adj;Caretaker;;;;;;;;;x
k_wizzrobe;Seer Council;;;;;;;;;x
k_wizzrobe_adj;Seer;;;;;;;;;x
k_golden_goddesses;Sage Council;;;;;;;;;x
k_golden_goddesses_adj;Sage;;;;;;;;;x
k_judicars;Judiciary;Judiciary;Judiciary;;Judiciary;;;;;;;;;x
k_judicars_adj;Judicar;Judicar;Judicar;;Judicar;;;;;;;;;x
e_baga;Baga's Horde;;;;;;;;;x
e_baga_adj;Demise;;;;;;;;;x
e_demise;Demise's Horde;;;;;;;;;x
e_demise_adj;Demise;;;;;;;;;x
e_ganon;Ganon's Horde;;;;;;;;;x
e_ganon_adj;Ganon;;;;;;;;;x
e_malladus;Malladus's Horde;;;;;;;;;x
e_malladus_adj;Malladus;;;;;;;;;x
d_rupee;Uncle Rupee Inc;;;;;;;;;x
d_rupee_adj;Rupee;;;;;;;;;x
k_hylia_religion;Church of Hylia;;;;;;;;;x
k_hylia_religion_adj;Church of Hylia;;;;;;;;;x
d_jabu_jabu;Jabu's  Attendants;;;;;;;;;x
d_jabu_jabu_adj;Attendant;;;;;;;;;x
d_jabun_religion;Jabun's  Attendants;;;;;;;;;x
d_jabun_religion_adj;Attendant;;;;;;;;;x
d_valoo_religion;Valoo's  Attendants;;;;;;;;;x
d_valoo_religion_adj;Attendant;;;;;;;;;x
#heads of church
title_exemplar;Exemplar;Exemplar;Exemplar;;Exemplar;;;;;;;;;;x
SECONDUS_EXEMPLAR;Secondus Exemplar;Secondus Exemplar;Secondus Exemplar;;Secondus Exemplar;;;;;;;;;x#translate
SECONDUS_EXEMPLAR_TOOLTIP;The Secondus Exemplar is the Exemplar expected to succeed the current High Exemplar;;;;;;;;;;;;;;x
best_candidate_title_exemplar;My Best Exemplar Candidate;;;;;;;;;;;;;x
expected_next_title_exemplar;Expected Next Exemplar;;;;;;;;;;;;;;x
COLLEGE_OF_EXEMPLARS;Exemplar Court;;;;;;;;;x
GREAT_SAGE;Great Sage;Great;Sage Great Sage;;Great Sage;;;;;;;;;x
GREAT_SAGE_FOA;Your Holiness;Votre Sainteté;Eure Heiligkeit;;Su Santidad;;;;;;;;;x
SEER;Seer;;;;;;;;;x
SEER_FOA;Transcended One;;;;;;;;;;;;;x
GREAT;Great;;;;;;;;;;x
GREAT_FOA;Your Greatness;;;;;;;;;;x
DEMON_KING;Demon King;;;;;;;;;x
DEMON_QUEEN;Demon Queen;;;;;;;;;x
JABU_ATTENDANT;Jabu's Attendant;;;;;;;;;x
ATTENDANT_FOA;First Attendant;;;;;;;;;x
JABUN_ATTENDANT;Jabun's Attendant;;;;;;;;;x
VALOO_ATTENDANT;Valoo's Attendant;;;;;;;;;x